481;59514.35722;0.00109;2814;-0.0022;88.5;4.7;33.6;2.7;V;3;Enrique Arce Mansego;TRESCA;2021-12-10;
480;59504.4193;;2807;0.0000;96.5;;23.5;;Clear;3;AAAV Astrofili Valdera;TRESCA;2021-12-10;
479;59504.41899;0.00037;2807;-0.0003;92.2;1.5;25.9;0.6;Clear;1;Anaël Wünsche;TRESCA;2021-12-10;
478;59487.37721;0.00045;2795;-0.0017;97.9;1.9;25.7;0.7;Clear;2;Thomas MOLLIER;TRESCA;2021-12-10;
477;59471.76072;0.00065;2784;0.0020;103.8;2.8;29.8;1.1;Clear;3;J. Garlitz;TRESCA;2021-12-10;
476;59467.49805;0.00031;2781;-0.0006;98.4;1.3;26.6;0.5;Clear;1;Snaevarr Gudmundsson;TRESCA;2021-09-16;
475;59457.55657;0.00075;2774;-0.0019;94.5;3.1;33;1.8;V;3;Rafael G. Farfán;TRESCA;2021-09-16;
474;59444.77025;0.01088;2765;-0.0080;148.7;89.3;93.4;118.7;Clear;3;Jerry Yesavage;TRESCA;2021-09-16;
473;59440.5174;0.00095;2762;-0.0007;92.8;3.8;23.2;1.5;Clear;3;Giorgio Baj;TRESCA;2021-09-16;
472;59433.41688;0.00036;2757;-0.0011;96.9;1.4;23.3;0.6;Clear;1;Mario Morales;TRESCA;2021-09-16;
471;59416.37621;0.00065;2745;-0.0015;98.5;2.6;27.5;1.2;Clear;3;Ivo Peretto;TRESCA;2021-09-16;
470;59396.51292;0.0018;2731;0.0155;92.9;9;50.4;8.7;Clear;3;Giorgio Baj;TRESCA;2021-09-16;
469;59396.49749;0.00054;2731;0.0001;101.5;2.3;25.9;0.9;Clear;2;Samuel;TRESCA;2021-09-16;
468;59396.49558;0.00058;2731;-0.0018;101.6;2.3;27.3;0.8;Clear;2;MARI Jean-Marc;TRESCA;2021-09-16;
467;59379.46334;0.00089;2719;0.0063;82.7;3.8;30.8;2;Clear;3;Stéphane Montchaud;TRESCA;2021-06-26;
466;59379.45762;0.00041;2719;0.0005;97;1.7;23.8;0.8;Clear;1;Anaël Wünsche;TRESCA;2021-06-26;
465;59379.45615;0.00045;2719;-0.0009;100.1;1.8;25.8;0.7;Clear;2;Jean-Marc Dillon;TRESCA;2021-06-26;
464;59379.45384;0.00129;2719;-0.0032;134;5.1;37;2.3;V;3;Rafael González Farfán;TRESCA;2021-06-26;
463;59352.47397;0.0013;2700;-0.0026;95.6;5.4;25.6;2.2;R;3;Fabio Mortari;TRESCA;2021-06-26;
462;59335.43678;0.00041;2688;0.0005;97.2;1.7;25;0.7;R;2;Veli-Pekka Hentunen;TRESCA;2021-05-17;
461;59325.49533;0.0005;2681;-0.0008;97.3;2;23.4;0.8;R;2;Veli-Pekka Hentunen;TRESCA;2021-05-17;
460;59325.49325;0.00145;2681;-0.0029;88;6;25.3;2.7;Clear;3;Gerold Holtkamp;TRESCA;2021-05-17;
459;59315.55402;0.00084;2674;-0.0020;95.7;3;20.3;1.3;R;3;Baransky A., Solomakha M., Nagurna A., Lobodenko M.;TRESCA;2021-05-17;
458;59305.61634;0.00074;2667;0.0005;87.7;3.3;23.9;1.9;Clear;3;etienne bertrand;TRESCA;2021-04-09;
457;59298.52213;0.00744;2662;0.0064;170.8;25;25.8;9.5;Clear;4;CAAT - Centro Astronomico del Alto Turia;TRESCA;2021-04-09;
456;59298.51608;0.00049;2662;0.0004;102.7;2.1;25.1;0.9;Clear;2;Manfred Raetz;TRESCA;2021-06-26;
455;59213.31333;0.00037;2602;-0.0009;96.8;1.5;20.5;0.5;Clear;1;Snaevarr Gudmundsson;TRESCA;2021-02-07;
454;59193.43387;0.00048;2588;0.0000;98.7;2;24;0.7;R;2;Veli-Pekka Hentunen;TRESCA;2021-02-07;
453;59159.35388;0.00072;2564;0.0006;96.5;;23.4;2.2;Clear;2;Manfred Raetz;TRESCA;2020-12-03;
452;59125.27052;0.00057;2540;-0.0022;94.3;2.2;19.4;0.8;R;2;Veli-Pekka Hentunen;TRESCA;2020-10-18;
451;59122.43112;0.00039;2538;-0.0015;96.2;1.7;22.3;1.5;Clear;1;Stephane Ferratfiat;TRESCA;2020-10-18;
450;59122.43032;0.00052;2538;-0.0023;96.8;2;21.6;0.8;Clear;2;Luis Tremosa Espasa;TRESCA;2020-10-18;
449;59115.33239;0.00034;2533;-0.0001;98.3;1.4;26.6;0.6;Clear;1;Manfred Raetz;TRESCA;2020-10-18;
448;59105.39525;0.00187;2526;0.0029;123.7;8.7;51.8;4.9;Clear;4;Vojtěch Školník;TRESCA;2020-09-28;
447;59105.39497;0.00056;2526;0.0026;86.6;2.4;20.7;1;R;2;Ferran Grau Horta;TRESCA;2020-09-28;
446;59105.3936;0.00054;2526;0.0013;95.5;2.3;25.7;0.8;R;2;Ferran Grau Horta;TRESCA;2021-04-09;
445;59105.39304;0.00179;2526;0.0007;110.7;8.4;53.2;5.3;Clear;4;Vojtěch Školník;TRESCA;2020-09-28;
444;59105.38874;0.00095;2526;-0.0036;101.8;3.9;24.4;1.5;I;3;Thomas Grunge;TRESCA;2020-09-28;
443;59095.45264;0.00031;2519;0.0005;101.3;1.2;26.9;0.5;Clear;1;Anaël Wünsche;TRESCA;2020-09-28;
442;59088.35166;0.00057;2514;-0.0004;96.5;;27.7;1.3;Clear;2;Yves Jongen;TRESCA;2020-09-28;
441;59078.41423;0.00102;2507;0.0024;97.8;4.7;30.6;4.1;Clear;3;M. Tylšar, M. Mašek;TRESCA;2020-08-26;
440;59068.47196;0.0002;2500;0.0003;97.5;0.8;26.6;0.4;Clear;1;Anaël Wünsche;TRESCA;2020-08-26;
439;59051.43352;0.00258;2488;0.0021;97.1;8.8;29.8;33.3;Clear;3;jean plazas;TRESCA;2020-08-26;
438;59051.43233;0.00034;2488;0.0009;98.5;1.4;28.7;0.6;Clear;1;Yves Jongen;TRESCA;2020-08-26;
437;59051.43092;0.00035;2488;-0.0005;92.1;1.4;24.4;0.6;Clear;1;Gianluca Montanari;TRESCA;2020-08-26;
436;59048.59157;0.00035;2486;0.0002;96.7;1.4;26.7;0.7;Clear;1;Yves Jongen;TRESCA;2020-08-26;
435;59041.49348;0.00131;2481;0.0022;103.3;5.5;37.4;2.9;Clear;3;Daniel Bertesteanu;TRESCA;2020-08-26;
434;59041.48993;0.00095;2481;-0.0013;151;74.2;64;77.2;Clear;2;Matt Baker;TRESCA;2020-08-26;
433;59041.48868;0.00101;2481;-0.0026;103.4;6.4;29;3.7;Clear;3;Matt Baker;TRESCA;2020-08-26;
432;59024.45285;0.00071;2469;0.0019;99.2;3;25.7;1.2;Clear;3;Guy Brabant;TRESCA;2020-08-26;
431;59024.45084;;2469;-0.0001;96.5;;23.5;;Clear;3;AAAV Astrofili Valdera;TRESCA;2020-08-26;
430;59024.45032;0.00055;2469;-0.0006;96.5;2.2;25.1;0.9;Clear;3;SW Johny;TRESCA;2020-08-26;
429;59014.50976;0.00097;2462;-0.0010;97.5;4;25.9;3.5;Clear;3;Stephen M. Brincat;TRESCA;2020-06-21;
428;58997.47035;0.00052;2450;-0.0001;93.3;2.4;23.4;1.6;Clear;2;etienne bertrand;TRESCA;2020-06-21;
427;58997.46445;0.00138;2450;-0.0060;70.2;5.9;24.1;3.6;Clear;4;Francois Regembal;TRESCA;2020-06-21;
426;58987.53019;0.00033;2443;-0.0001;100.5;1.4;25.1;0.6;Clear;1;Manfred Raetz;TRESCA;2020-05-25;
425;58987.52917;0.00053;2443;-0.0011;97.3;2.2;25.7;0.9;Clear;2;Alberto García Sánchez;TRESCA;2020-05-25;
424;58963.38708;0.00119;2426;-0.0028;98.9;5.6;30.7;5.6;Clear;3;Jérôme Borel;TRESCA;2020-05-25;
423;58960.54675;0.00238;2424;-0.0031;91.9;9.3;22.4;3.4;Clear;4;Nosáľ P.;TRESCA;2020-05-25;
422;58950.609;0.00049;2417;-0.0007;101;1.9;23.9;0.8;Clear;2;Yves Jongen;TRESCA;2020-05-25;
421;58950.60819;0.00078;2417;-0.0015;100.7;3.3;27;1.2;Clear;3;etienne bertrand;TRESCA;2020-05-25;
420;58943.51078;0.00038;2412;0.0012;93.1;1.5;24.3;0.7;Clear;1;Yves Jongen;TRESCA;2020-05-25;
419;58933.56636;0.00079;2405;-0.0030;90.2;3.5;28.6;1.9;V;3;Adam Nowak;TRESCA;2020-05-25;
418;58929.3117;0.00102;2402;0.0024;86.3;4.2;24.9;2;R;3;Veli-Pekka Hentunen;TRESCA;2020-05-25;
417;58926.46819;0.00073;2400;-0.0011;95.2;2.9;25.2;1.2;Clear;3;Yves Jongen;TRESCA;2020-05-25;
416;58923.6294;0.00061;2398;0.0002;96.5;;23.2;2;Clear;1;Yves Jongen;TRESCA;2020-05-25;
415;58923.62787;0.00029;2398;-0.0013;94;1.2;26.2;0.5;Clear;1;Manfred Raetz;TRESCA;2020-05-25;
414;58906.58888;0.00045;2386;-0.0000;97.6;1.8;27.7;0.8;R;2;Veli-Pekka Hentunen;TRESCA;2020-05-25;
413;58906.58831;0.0005;2386;-0.0006;97.7;2.2;27.8;1.2;Clear;2;Yves Jongen;TRESCA;2020-05-25;
412;58858.30773;0.00036;2352;-0.0003;99.8;1.5;25.1;0.6;Clear;1;Stephane Ferratfiat;TRESCA;2020-02-09;
411;58804.34869;0.00064;2314;0.0016;100.4;2.7;27.2;1.1;Clear;2;Snaevarr Gudmundsson;TRESCA;2019-12-09;
410;58767.42569;0.00034;2288;-0.0008;98.6;1.4;26.3;0.6;Clear;1;Yves Jongen;TRESCA;2019-12-09;
409;58760.32526;0.00229;2283;-0.0011;100;8.9;25.7;4.2;Clear;4;Jacques Ardissone;TRESCA;2019-12-09;
408;58757.47878;0.0011;2281;-0.0075;78.7;4.8;29.3;2.8;V;3;Pavol Gajdoš;TRESCA;2019-12-09;
407;58750.38579;0.00031;2276;-0.0004;96.6;1.2;23.6;0.5;Clear;1;Yves Jongen;TRESCA;2019-12-09;
406;58740.44657;0.00045;2269;0.0006;101.9;1.8;26.7;0.8;Clear;2;Yves Jongen;TRESCA;2019-12-09;
405;58740.44569;0.00027;2269;-0.0003;94.3;1;21.6;0.4;I;1;Marc Bretton;TRESCA;2019-12-09;
404;58740.44506;0.00036;2269;-0.0010;99.6;1.5;25.8;0.6;R;1;Mark Salisbury;TRESCA;2019-12-09;
403;58740.44494;0.0002;2269;-0.0011;97.9;0.8;28.2;0.4;I;1;Marc Bretton;TRESCA;2019-12-09;
402;58740.44337;0.0008;2269;-0.0026;103.7;3.4;26.7;1.1;Clear;3;Bruno Christmann;TRESCA;2019-12-09;
401;58733.34577;0.00128;2264;-0.0001;107.6;5.3;29.3;2.2;R;3;Veli-Pekka Hentunen;TRESCA;2019-12-09;
400;58733.34577;0.00051;2264;-0.0001;94.8;1.9;23.8;0.9;Clear;1;Yves Jongen;TRESCA;2019-12-09;
399;58733.34492;0.00086;2264;-0.0010;92.9;3.5;20.3;2.2;Clear;2;Jérôme BOREL;TRESCA;2019-12-09;
398;58730.50578;0.0004;2262;-0.0001;97.6;1.7;26;0.7;Clear;2;ESSEIVA nicolas;TRESCA;2019-12-09;
397;58730.50556;0.00038;2262;-0.0003;101.9;1.5;26.2;0.6;Clear;1;Yves Jongen;TRESCA;2019-12-09;
396;58720.56622;0.0004;2255;0.0005;98;1.6;23.7;0.6;Clear;1;Yves Jongen;TRESCA;2019-12-09;
395;58713.46594;0.00017;2250;0.0004;98.9;0.7;24.5;0.3;Clear;1;Marc Bretton;TRESCA;2019-12-09;
394;58713.46551;0.00038;2250;-0.0000;99.1;1.5;24.8;0.6;Clear;1;Yves Jongen;TRESCA;2019-12-09;
393;58706.36487;0.00034;2245;-0.0006;94.5;1.3;23.2;0.6;Clear;1;Yves Jongen;TRESCA;2019-12-09;
392;58696.43008;0.00049;2238;0.0048;96.8;2;25.2;0.8;Clear;2;Pavel Pintr;TRESCA;2019-12-09;
391;58696.42454;0.00022;2238;-0.0007;96.8;1;26.1;1;Clear;1;Marc Bretton;TRESCA;2019-12-09;
390;58693.58487;0.00036;2236;-0.0003;95.3;1.4;24.6;0.6;Clear;1;Yves Jongen;TRESCA;2019-12-09;
389;58686.48571;0.00056;2231;0.0006;95.8;2.3;26.1;1.1;Clear;2;Yves Jongen;TRESCA;2019-12-09;
388;58686.48401;0.00073;2231;-0.0011;100.2;3;25.3;1.1;Clear;3;Olivier BATTEUX;TRESCA;2019-12-09;
387;58686.48355;0.00073;2231;-0.0015;100.2;3;25.3;1.1;Clear;3;Olivier BATTEUX;TRESCA;2019-12-09;
386;58669.44481;0.00121;2219;0.0000;93.3;4.7;22.2;1.9;V;3;Mario Morales;TRESCA;2019-12-09;
385;58669.4443;0.00037;2219;-0.0005;97.9;1.5;27.2;0.6;Clear;1;Yves Jongen;TRESCA;2019-12-09;
384;58669.44381;0.00035;2219;-0.0010;94.6;1.4;24.4;0.6;R;1;Stephane Neveu et Stephane Ferratfiat;TRESCA;2019-12-09;
383;58659.50593;0.00047;2212;0.0013;92.5;2.1;27.6;1.2;Clear;2;Anael Wunsche;TRESCA;2019-06-26;
382;58659.50409;0.00053;2212;-0.0005;96.5;2.1;25.7;0.9;Clear;2;Yves Jongen;TRESCA;2019-06-26;
381;58649.56477;0.00036;2205;0.0003;101.5;1.5;26;0.6;Clear;1;Pere Guerra;TRESCA;2019-06-26;
380;58646.7276;0.00044;2203;0.0032;98.1;1.9;25.7;0.8;Clear;2;Maximillian LaVar Raschke-Robinson ;TRESCA;2019-06-26;
379;58642.46485;0.00095;2200;0.0005;91.4;4;29.5;1.8;Clear;3;Berthold Andreas;TRESCA;2019-06-26;
378;58635.36342;0.00093;2195;-0.0008;103.9;4;27.9;2.1;V;2;F. Salvaggio, R. Papini, M. Banfi;TRESCA;2019-06-26;
377;58635.36312;0.00115;2195;-0.0011;99.7;4;24.2;2.4;I;2;Alessandro Marchini;TRESCA;2019-12-09;
376;58632.52338;0.00045;2193;-0.0008;93.8;1.8;25.4;0.8;Clear;2;Yves Jongen;TRESCA;2019-06-26;
375;58602.70127;0.00105;2172;-0.0024;118.1;4.4;27.3;1.6;R;3;Katie Sharpe, Spencer Hurt;TRESCA;2019-06-26;
374;58598.44248;0.00041;2169;-0.0011;98;1.7;25.2;0.7;R;2;Veli-Pekka Hentunen;TRESCA;2019-06-26;
373;58578.5631;0.00053;2155;-0.0001;92.6;2.1;22.5;0.8;Clear;2;Anael Wunsche;TRESCA;2019-04-10;
372;58572.87548;0.00124;2151;-0.0076;97.1;6.4;65.2;7.4;Clear;3;St-Gelais Denis;TRESCA;2019-04-10;
371;58571.46704;0.00076;2150;0.0040;83.7;3.2;25.2;1.8;Clear;3;Vicenç Ferrando;TRESCA;2019-06-26;
370;58558.68349;0.00092;2141;0.0006;93.2;3.8;22;2.2;Clear;2;Yves Jongen;TRESCA;2019-04-10;
369;58551.58227;0.00059;2136;-0.0005;94.6;2.5;27.4;1.3;Clear;2;Jérôme Borel;TRESCA;2019-04-10;
368;58551.58145;0.00075;2136;-0.0013;93.8;3;22.6;1.3;Clear;3;Yves Jongen;TRESCA;2019-04-10;
367;58531.70235;0.00047;2122;-0.0001;91.1;2;28.1;1;V;2;Anael Wunsche;TRESCA;2019-02-18;
366;58520.34375;0.00194;2114;0.0015;94.1;8.6;24.4;5.2;R;4;JOSEP GAITAN;TRESCA;2019-02-18;
365;58466.37693;0.00204;2076;-0.0043;118.1;8.1;27.3;3.1;Clear;4;Didier Laloum ;TRESCA;2018-12-25;
364;58459.28127;0.00047;2071;0.0001;98.3;1.9;25.7;0.8;Clear;2;Yves Jongen;TRESCA;2018-12-11;
363;58405.32032;;2033;0.0001;96.5;;27.5;17.5;Clear;4;Janos;TRESCA;2018-12-11;
362;58402.47935;0.00228;2031;-0.0008;88.9;9.1;20.5;3.4;I;4;Veli-Pekka Hentunen;TRESCA;2018-12-11;
361;58395.38232;0.00082;2026;0.0023;98.4;3.4;27.4;1.5;V;3;Mario Morales;TRESCA;2018-12-11;
360;58395.38132;0.00113;2026;0.0013;81.1;4.3;13.1;1.3;Clear;4;Sjoerd Dufoer;TRESCA;2018-12-11;
359;58395.38072;0.00047;2026;0.0007;97.5;1.9;23.2;0.7;Clear;2;Yves Jongen;TRESCA;2018-12-11;
358;58395.3782;0.00058;2026;-0.0018;96.7;2.4;26.1;1;Clear;2;Anael Wunsche;TRESCA;2018-12-11;
357;58385.4401;0.00109;2019;0.0002;79.8;4.5;22.7;2.6;R;3;Janos;TRESCA;2018-12-11;
356;58385.43968;0.00069;2019;-0.0002;97.8;2.9;25.1;1.3;Clear;3;Patrick Sogorb;TRESCA;2018-12-11;
355;58375.4996;0.00069;2012;-0.0001;98.5;2.9;27.1;1.2;R;3;Rene Roy;TRESCA;2018-12-11;
354;58375.49926;0.0003;2012;-0.0004;97.2;1.2;24.2;0.5;Clear;1;S Ferratfiat  G Moreno A Escaffre J Croiziers;TRESCA;2018-12-11;
353;58375.49921;0.00051;2012;-0.0005;94.9;2.1;27.3;0.9;Clear;2;Luis Tremosa;TRESCA;2018-12-11;
352;58375.49917;0.00031;2012;-0.0005;97.6;1.2;24.3;0.5;Clear;1;S Ferratfiat  Mission NEPTUNION;TRESCA;2018-12-11;
351;58358.45721;0.00049;2000;-0.0022;89.7;2.1;23.4;1;Clear;2;Yves Jongen;TRESCA;2018-12-11;
350;58341.4189;0.00061;1988;-0.0002;97.3;2.5;24.3;0.9;Clear;2;Yves Jongen;TRESCA;2018-12-11;
349;58341.41831;0.00032;1988;-0.0008;98.8;1.3;26.3;0.6;Clear;1;Henri Lanar&#232;s;TRESCA;2020-05-25;
348;58314.4391;0.00162;1969;0.0005;99.8;6.6;17.7;3.6;R;3;JOSEP GAITAN;TRESCA;2018-12-11;
347;58304.49608;0.00062;1962;-0.0024;98;2.5;24.9;1;Clear;2;David Molina ;TRESCA;2018-12-11;
346;58297.39824;0.00076;1957;-0.0001;95.2;3.1;27.6;1.4;Clear;3;Yves Jongen;TRESCA;2018-12-11;
345;58294.55934;0.00052;1955;0.0010;97.4;2.1;23.6;0.8;Clear;2;Yves Jongen;TRESCA;2018-12-11;
344;58293.13793;0.00049;1954;-0.0003;100.3;2;24.3;0.7;R;2;Wonseok Kang;TRESCA;2018-12-11;
343;58287.45809;0.00064;1950;-0.0001;100;2.6;25.5;1.1;Clear;2;Yves Jongen;TRESCA;2018-12-11;
342;58270.4184;0.00049;1938;0.0005;100.7;2;24.4;0.8;Clear;2;Yves Jongen;TRESCA;2018-12-11;
341;58253.37468;0.00155;1926;-0.0029;88.1;5.6;22.4;2.8;Clear;3;Adam Nowak;TRESCA;2018-12-11;
340;58250.54035;0.00512;1924;0.0028;117.9;18.9;35.1;8.3;Clear;2;Tomasz Popajewski;TRESCA;2018-12-11;
339;58250.53596;0.00122;1924;-0.0016;96.5;;25.7;3.6;Clear;3;Gabriel Murawski;TRESCA;2018-12-11;
338;58243.43734;0.00082;1919;-0.0001;95.1;3.4;23.5;1.4;Clear;3;Georg Nawrath;TRESCA;2018-12-11;
337;58243.43668;0.00056;1919;-0.0007;92.4;2.3;28.9;1.1;Clear;2;Yves Jongen;TRESCA;2018-12-11;
336;58243.43444;0.00215;1919;-0.0030;81.2;8.9;26.3;4.5;V;4;David W G Smith;TRESCA;2018-12-11;
335;58233.49745;0.0003;1912;0.0002;96.8;1.2;24.7;0.5;I;1;Marc Bretton;TRESCA;2018-12-11;
334;58233.49465;0.00066;1912;-0.0026;98.7;2.7;26.3;1.2;Clear;2;Yves Jongen;TRESCA;2018-12-11;
333;58179.53717;0.00158;1874;0.0009;114.7;8.1;90;9.3;Clear;3;Medulka T.;TRESCA;2018-12-11;
332;58094.33356;0.00041;1814;-0.0013;99.7;1.7;24.1;0.6;Clear;2; Girardin Eric;TRESCA;2018-12-11;
331;58077.29472;0.00056;1802;0.0002;94.5;2.3;27.1;1.1;Clear;2;Luis Tremosa;TRESCA;2018-12-11;
330;58074.45637;0.0036;1800;0.0019;88.6;14.1;28.3;8.7;Clear;4;PLAZAS;TRESCA;2018-12-11;
329;58067.35406;0.00034;1795;-0.0003;95.5;1.4;24.2;0.6;I;1;Marc Bretton;TRESCA;2018-12-11;
328;58057.41372;0.00038;1788;-0.0005;98;1.5;25.5;0.6;Clear;2;Jacques Montier;TRESCA;2018-12-11;
327;58050.31422;0.00034;1783;0.0002;97.6;1.3;26;0.6;I;1;Marc Bretton;TRESCA;2018-12-11;
326;58044.63181;0.00047;1779;-0.0022;94.3;1.9;24.7;0.8;R;2;Ryan Kim;TRESCA;2018-12-11;
325;58040.37626;0.00103;1776;0.0024;86.8;4.2;23.6;1.8;Clear;3;Marc Bretton;TRESCA;2018-12-11;
324;58040.37518;0.00625;1776;0.0013;104.5;22.7;25.8;5.8;Clear;2;Matthieu BACHSCHMIDT;TRESCA;2018-12-11;
323;58040.37428;0.00049;1776;0.0004;95.5;2;25.8;0.8;R;2;Ferran Grau Horta;TRESCA;2018-12-11;
322;58013.39396;0.00049;1757;0.0005;95.7;2;25.1;0.9;Clear;2;Marc Bretton;TRESCA;2018-12-11;
321;57993.51584;0.00043;1743;0.0028;105.3;1.9;45;1.2;R;1;Ferran Grau Horta;TRESCA;2018-12-11;
320;57993.51318;0.00052;1743;0.0001;96.1;2.3;27.9;1.1;R;2;Ferran Grau Horta;TRESCA;2018-12-11;
319;57986.41106;0.00118;1738;-0.0019;104.6;4.7;29.3;2.2;Clear;3;Enrique Díez Alonso;TRESCA;2018-12-11;
318;57976.4769;0.00438;1731;0.0041;102.7;19;55.2;15.1;Clear;5;Matúš Kamenec;TRESCA;2018-12-11;
317;57970.79332;0.00114;1727;0.0006;110.3;4.9;27.1;1.7;Clear;3;J Garlitz;TRESCA;2018-12-11;
316;57966.53109;0.00062;1724;-0.0015;96.4;2.9;23.6;1.6;Clear;2;BRAHIC 92 (Ballet, Néel, Delisle, Stefani, Gouyette, Morelli, Maline, Muzeau, Laclef and Cordebois);TRESCA;2018-12-11;
315;57966.53089;0.00027;1724;-0.0017;95.4;1.1;27.6;0.6;Clear;1;Gährken, Bernd;TRESCA;2018-12-11;
314;57959.43267;0.00055;1719;0.0002;106.1;2.3;30.4;1;Clear;2;Mario Morales;TRESCA;2018-12-11;
313;57922.51139;0.00106;1693;-0.0005;87.3;4.4;24.3;1.8;V;3;Friedli, Thomas Karl + Friedli, Anna Lea + Enderli, Patrick;TRESCA;2018-12-11;
312;57922.51052;0.00066;1693;-0.0013;91.1;2.7;24.7;1.1;V;3;Nicollerat Raphael;TRESCA;2018-12-11;
311;57915.41142;0.00046;1688;-0.0003;95;1.9;24.9;0.8;Clear;2;Jean-Luc MARTIN;TRESCA;2018-12-11;
310;57905.47253;0.00064;1681;0.0010;94.4;2.7;23.6;1;Clear;3;M. Hoecherl;TRESCA;2018-12-11;
309;57852.93228;0.00135;1644;0.0016;93.8;5.8;32.4;2.9;Clear;3;Martin Fowler;TRESCA;2018-12-11;
308;57841.56803;0.00084;1636;-0.0024;99.5;3.6;27.6;1.5;R;3;Francesco Scaggiante, Danilo Zardin;TRESCA;2018-12-11;
307;57831.62803;0.00102;1629;-0.0022;111.7;3.9;28.5;1.8;Clear;3;David Molina;TRESCA;2018-12-11;
306;57729.3885;0.00094;1557;-0.0000;104;3.5;32.2;6.1;Clear;2;Faustino Garcia;TRESCA;2017-01-12;
305;57722.28804;0.0012;1552;-0.0003;103.6;4.9;27.7;1.9;I;3;Ruben Barbosa;TRESCA;2016-12-28;
304;57722.288;;1552;-0.0004;96.5;;23.5;;I;3;Ruben Barbosa e Cédric Pereira;TRESCA;2016-12-28;
303;57668.32698;0.00055;1514;-0.0005;100;2.2;26.3;0.9;Clear;1;David Molina;TRESCA;2016-12-27;
302;57655.54543;0.00178;1505;-0.0018;78.4;7;16.1;2.3;Clear;4;Jose Maria Fernandez Andujar;TRESCA;2016-12-27;
301;57648.44573;0.00089;1500;-0.0014;103.4;3.9;31;2.1;Clear;3;Jose Maria Fernandez Andujar;TRESCA;2018-12-11;
300;57648.44523;0.00106;1500;-0.0019;102.9;4;29.9;2.4;Clear;3;Jose Maria Fernandez Andujar;TRESCA;2016-12-27;
299;57638.5093;0.0016;1493;0.0024;74.9;6.7;20.2;3.2;Clear;4;Jose Maria Fernandez Andujar;TRESCA;2016-12-27;
298;57638.50477;0.00166;1493;-0.0022;113.5;7;28.2;2.7;Clear;3;proust jerome;TRESCA;2016-12-27;
297;57604.42593;0.00015;1469;-0.0004;95.5;0.7;24.2;0.4;Clear;1;Marc Bretton;TRESCA;2016-08-27;
296;57594.48596;0.00019;1462;-0.0002;98.8;0.9;28.5;0.6;Clear;1;Marc Bretton;TRESCA;2016-08-27;
295;57594.48527;0.00048;1462;-0.0009;96;2;24.2;0.7;Clear;2;David Molina;TRESCA;2016-08-27;
294;57594.48522;0.00022;1462;-0.0009;96.6;1;25.3;0.7;Clear;1;Dalouzy Jean-Christophe, Fourmy Christophe, Tamburini Pascal;TRESCA;2016-12-27;
293;57587.38339;0.0012;1457;-0.0027;92.9;4.9;29.3;2.5;Clear;3;A. Marino;TRESCA;2016-08-27;
292;57567.50529;0.00061;1443;-0.0004;97.6;2.6;28;1;Clear;2;David Molina;TRESCA;2016-08-27;
291;57553.30341;0.0004;1433;-0.0020;98.4;1.7;28.4;0.8;Clear;2;Yenal Ogmen;TRESCA;2016-08-27;
290;57544.78423;0.0003;1427;-0.0011;99.3;1.2;25.5;0.5;Clear;2;Oleg Mazurenko;TRESCA;2016-08-27;
289;57540.52603;0.00067;1424;0.0008;96.3;2.8;25.6;1;Clear;2;David Molina, Antoni Vives Sureda;TRESCA;2016-08-27;
288;57540.52524;0.00053;1424;0.0000;97.1;2.2;26;0.8;Clear;2;David Molina;TRESCA;2016-08-27;
287;57516.38514;0.00115;1407;0.0003;101.6;4.9;28.6;2.2;R;3;Francesco Scaggiante, Danilo Zardin;TRESCA;2016-05-19;
286;57513.54621;0.00056;1405;0.0014;100.6;2.3;23;0.8;Clear;2;Marc Bretton;TRESCA;2016-05-19;
285;57506.4445;0.00063;1400;-0.0001;100.1;2.6;26.3;1;Clear;2;ESSEIVA Nicolas;TRESCA;2016-05-02;
284;57489.40285;0.00076;1388;-0.0015;97.6;2.7;25.8;1.4;Clear;2;Jacobsen J.-P.;TRESCA;2016-05-02;
283;57459.58232;0.0007;1367;-0.0015;100.6;3.2;26.6;1.5;Clear;2;David Molina;TRESCA;2016-03-18;
282;57449.64409;0.00079;1360;0.0004;96;3.2;25.2;1.4;Clear;2;David Molina;TRESCA;2016-03-18;
281;57422.66297;0.00082;1341;-0.0002;106.5;3.2;23.9;1.1;Clear;3;David Molina;TRESCA;2016-02-09;
280;57411.30343;0.00048;1333;0.0004;98.8;2;23;0.8;Clear;2;Marc Bretton;TRESCA;2016-02-09;
279;57411.30214;0.00039;1333;-0.0009;99.4;1.6;24.2;0.7;Clear;1;Marc Bretton;TRESCA;2016-02-09;
278;57384.32315;0.00025;1314;0.0006;99;1;25.1;0.4;Clear;1;Marc Bretton;TRESCA;2016-01-11;
277;57357.34314;0.00045;1295;0.0011;101.6;1.9;27;0.8;Clear;1;Marc Bretton;TRESCA;2016-01-07;
276;57357.3426;0.00056;1295;0.0005;96.3;2.1;23.3;1;Clear;2;Luis Tremosa;TRESCA;2016-01-07;
275;57350.24302;0.00072;1290;0.0011;89.2;2.8;22;1.3;Clear;2;Marc Bretton;TRESCA;2016-01-07;
274;57340.30228;0.00054;1283;0.0005;95.9;2.3;28.7;1;Clear;1;Marc Bretton;TRESCA;2015-11-23;
273;57340.30157;0.00051;1283;-0.0002;99.6;2.1;25.2;0.8;R;2;Mark Salisbury;TRESCA;2016-01-07;
272;57330.36208;0.0004;1276;0.0005;102.7;1.8;28.6;2.2;Clear;1;Faustino Garcia;TRESCA;2015-11-09;
271;57330.36134;0.00124;1276;-0.0002;97.3;5.2;29.4;2.4;Clear;3;Gerhard Dangl;TRESCA;2015-11-23;
270;57321.84146;0.00116;1270;0.0000;99.9;5.1;26.9;2.1;I;3;Stan Shadick;TRESCA;2015-11-02;
269;57310.48155;0.00049;1262;0.0003;98.4;2.1;25.5;0.8;Clear;2;Marc Bretton;TRESCA;2015-10-16;
268;57307.64064;0.0009;1260;-0.0006;97.6;3.4;23.6;1.5;R;3;Maria Patrone;TRESCA;2018-12-11;
267;57303.38304;0.00033;1257;0.0019;99.3;1.4;28.4;0.6;Clear;1;Marc Bretton;TRESCA;2015-10-16;
266;57303.3823;0.0006;1257;0.0012;88.9;2.4;21.7;0.9;Clear;3;Florian Signoret;TRESCA;2015-10-16;
265;57303.38145;0.00046;1257;0.0003;96.2;1.8;25.1;0.8;Clear;1;Marc Bretton;TRESCA;2015-10-16;
264;57293.44046;0.00032;1250;-0.0005;101.9;1.4;28.7;0.6;Clear;1;Marc Bretton;TRESCA;2015-10-16;
263;57286.34127;0.00037;1245;0.0004;97.5;1.5;26.4;0.6;Clear;1;Marc Bretton;TRESCA;2015-10-16;
262;57283.50046;0.00044;1243;-0.0003;99.5;1.9;24.8;0.8;Clear;1;Marc Bretton;TRESCA;2015-10-16;
261;57276.40308;0.00096;1238;0.0024;110.3;4.1;34.1;8.3;V;3;Rau Steve;TRESCA;2015-10-16;
260;57276.40291;0.00035;1238;0.0023;94.6;1.5;26;0.8;Clear;1;Marc Bretton;TRESCA;2015-10-16;
259;57276.4027;0.001;1238;0.0020;106.8;3.8;28.2;1.8;V;3;Team Astrolab Iris;TRESCA;2015-10-16;
258;57276.40012;0.00037;1238;-0.0005;97.9;1.5;25.6;0.6;R;1;Mark Salisbury;TRESCA;2015-10-16;
257;57276.40006;0.0003;1238;-0.0006;100.3;1.3;25;0.5;Clear;1;Veli-Pekka Hentunen;TRESCA;2015-10-16;
256;57273.56108;0.00037;1236;0.0005;96.2;1.6;24;0.6;Clear;1;Marc Bretton;TRESCA;2015-10-16;
255;57273.55996;0.00065;1236;-0.0006;92.2;2.2;24;1.3;Clear;2;Dennis Conti;TRESCA;2015-10-16;
254;57266.47414;0.00421;1231;0.0137;154.4;16.8;39.8;10.9;R;3;Francesco Scaggiante, Danilo Zardin;TRESCA;2015-10-16;
253;57266.46132;0.00044;1231;0.0008;101.4;1.7;26;0.9;Clear;2;Gährken, Bernd;TRESCA;2015-10-16;
252;57259.36064;0.00036;1226;0.0003;98.6;1.4;24.7;0.6;Clear;1;Marc Bretton;TRESCA;2015-10-15;
251;57257.9498;0.00188;1225;0.0095;82.6;8.6;43.7;6;Clear;4;Oleg Mazurenko;TRESCA;2015-10-15;
250;57256.52178;0.00037;1224;0.0015;98;1.6;28.3;0.8;Clear;1;Marc Bretton;TRESCA;2015-10-15;
249;57256.52157;0.00051;1224;0.0013;95.3;2.1;24.7;0.9;Clear;1;Marc Bretton;TRESCA;2015-10-15;
248;57256.52027;0.00019;1224;-0.0000;99;0.8;25;0.5;Clear;1;Marc Bretton;TRESCA;2015-10-15;
247;57253.67909;0.00084;1222;-0.0012;98.5;3.2;26.8;2;Clear;2;Stan Shadick;TRESCA;2015-10-16;
246;57250.84066;0.00084;1220;0.0004;96.5;;24;2.4;Clear;5;Oleg Mazurenko;TRESCA;2015-10-15;
245;57249.4193;0.00025;1219;-0.0009;99.4;1;25.7;0.4;Clear;1;Veli-Pekka Hentunen;TRESCA;2015-10-08;
244;57236.64006;0.00045;1210;0.0001;99.4;1.9;25.8;0.7;Clear;2;Paul Benni;TRESCA;2015-10-08;
243;57232.38365;0.00096;1207;0.0038;96.5;;22.3;1.6;Clear;3;Marc Bretton;TRESCA;2015-10-08;
242;57232.38037;0.00064;1207;0.0005;97.7;2.6;27.9;1.2;Clear;2;Marc Bretton;TRESCA;2015-10-08;
241;57222.44044;0.00027;1200;0.0007;96.6;1.1;24.9;0.5;Clear;1;Marc Bretton;TRESCA;2015-10-08;
240;57219.59936;0.00071;1198;-0.0003;96.4;2.3;17.1;1;R;2;Antoni Vives;TRESCA;2015-10-16;
239;57212.50102;0.00026;1193;0.0015;98.2;1.2;22;1;Clear;1;Marc Bretton;TRESCA;2015-10-08;
238;57212.50102;0.00026;1193;0.0015;98.2;1.2;22;1;Clear;1;Marc Bretton;TRESCA;2015-10-08;
237;57205.39947;0.00088;1188;0.0000;94.9;4.4;40;7.4;R;2;Marc Bretton;TRESCA;2015-10-08;
236;57202.56101;0.00041;1186;0.0016;97.8;1.7;24.3;1;Clear;2;Marc Bretton;TRESCA;2015-10-08;
235;57202.55926;0.0007;1186;-0.0001;91.6;2.9;22.5;1;Clear;3;David Molina;TRESCA;2015-10-08;
234;57202.5585;0.00064;1186;-0.0009;97.1;2.7;26.3;1.1;R;2;Ferran Grau Horta;TRESCA;2018-12-11;
233;57199.71861;0.0004;1184;-0.0007;97.5;1.8;25.9;1.2;Clear;2;Dr. Dwight Russell, Mr. Richard Campbell, Willie Strickland, Chloe Herrera, Dana Cody, Dhiraj Bansal;TRESCA;2015-10-08;
232;57199.71861;0.0004;1184;-0.0007;97.5;1.8;25.9;1.2;Clear;2;Dr. Dwight Russell, Mr. Richard Campbell, Willie Strickland, Chloe Herrera, Dana Cody, Dhiraj Bansal;TRESCA;2015-10-08;
231;57195.45881;0.0005;1181;-0.0004;99.8;2.2;24.5;1.1;R;1;Marc Bretton;TRESCA;2015-10-08;
230;57178.41941;;1169;0.0005;96.5;;23.5;;Clear;3;AAAV Astrofili Valdera;TRESCA;2015-10-08;
229;57171.31841;0.00128;1164;-0.0004;94.1;5.1;23.5;2.2;V;3;Yenal Ö&#287;men;TRESCA;2015-09-01;
228;57164.21903;0.00054;1159;0.0003;100.3;2.1;26.5;1;R;3;Yuri Karavaev;TRESCA;2015-09-01;
227;57161.37909;;1157;0.0004;96.5;;23.5;;Clear;3;AAAV Astrofili Valdera;TRESCA;2015-09-01;
226;57161.37466;0.00095;1157;-0.0040;95.2;3.6;21.7;1.5;V;3;Marc Bretton;TRESCA;2015-09-01;
225;57148.59779;0.0005;1148;-0.0007;94.8;2.1;24.8;0.8;Clear;1;David Molina;TRESCA;2015-08-27;
224;57141.49357;0.00142;1143;-0.0047;96.5;;30.5;3.6;Clear;3;Marc Bretton;TRESCA;2015-08-27;
223;57131.55655;0.00054;1136;-0.0016;101.4;2.1;18.5;0.7;R;2;Juan Fabregat Llueca, Antoni Vives Sureda;TRESCA;2016-04-28;
222;57128.72157;0.0012;1134;0.0035;86.4;4.9;19.4;1.8;Clear;4;Stan Shadick and Ryan Cooney and Taylor Bell;TRESCA;2015-10-08;
221;57107.41736;0.00026;1119;-0.0004;97.8;1.1;25;0.4;Clear;1;Veli-Pekka Hentunen;TRESCA;2015-08-21;
220;57094.63501;0.00062;1110;-0.0025;96.5;;42.6;1.7;Clear;3;Marc Bretton;TRESCA;2015-08-18;
219;57094.63477;0.00059;1110;-0.0027;96.5;;39.7;1.5;Clear;2;Marc Bretton;TRESCA;2015-08-18;
218;57070.49747;0.00031;1093;0.0004;98.6;1.3;25.9;0.5;Clear;1;Veli-Pekka Hentunen;TRESCA;2015-08-11;
217;57029.3156;0.00037;1064;-0.0008;98.6;1.5;25.9;0.6;V;1;Marc Bretton;TRESCA;2015-08-10;
216;57029.31519;0.00161;1064;-0.0012;83.5;6.5;21.8;2.6;Clear;4;A. Marino, A. Tomacelli;TRESCA;2015-08-10;
215;57012.27611;0.00062;1052;0.0000;104.1;2.6;26.6;1;V;2;Marc Bretton;TRESCA;2015-07-22;
214;56986.71318;0.00127;1034;-0.0025;99.2;5;24.1;2;Clear;3;Lukas Fragodt;TRESCA;2015-08-10;
213;56985.29487;0.00075;1033;-0.0007;100.7;3;24;1.1;R;3;Artem Burdanov;TRESCA;2015-07-22;
212;56982.45018;0.00123;1031;-0.0054;89.6;5.5;39.5;3.4;R;3;Francesco Scaggiante, Danilo Zardin,Marco Fiaschi;TRESCA;2020-05-25;
211;56978.19539;0.00041;1028;-0.0001;94.1;1.7;24.5;0.7;R;2;Artem Burdanov;TRESCA;2015-07-22;
210;56978.19443;0.00059;1028;-0.0011;96.4;2.5;23.6;0.9;V;3;Artem Burdanov;TRESCA;2015-07-22;
209;56958.31839;0.00099;1014;0.0032;104.3;4.2;29.4;1.7;R;3;Francesco Scaggiante, Danilo Zardin,Marco Fiaschi;TRESCA;2020-05-25;
208;56958.31568;0.00041;1014;0.0005;103.1;1.7;25.4;0.7;R;1;Salisbury M.;TRESCA;2014-11-07;
207;56958.31516;0.00084;1014;0.0000;105.7;3.2;26.8;1.5;Clear;3;Alonso E. D.;TRESCA;2014-11-06;
206;56955.47626;0.0007;1012;0.0012;94.5;3;26.8;1.3;R;2;Horta F. G.;TRESCA;2014-11-06;
205;56952.63507;0.00153;1010;0.0000;90.8;6.1;20.7;2.4;Clear;3;Martin L. J.;TRESCA;2014-11-03;
204;56948.37616;0.00097;1007;0.0012;107.5;3.8;21.1;1.2;R;3;Gaitan J.;TRESCA;2014-11-03;
203;56948.37375;0.0004;1007;-0.0012;98.3;1.6;26;0.6;Clear;2;Hentunen V. P.;TRESCA;2014-11-03;
202;56948.37259;0.00175;1007;-0.0024;98;6.2;24.6;7.4;V;3;Kretzschmar K.;TRESCA;2014-11-03;
201;56928.49519;0.00169;993;0.0006;102.6;7.2;36.5;3.7;R;4;Francesco Scaggiante, Danilo Zardin,Marco Fiaschi;TRESCA;2020-05-25;
200;56928.49368;0.0008;993;-0.0009;96;3.3;25.9;1.4;Clear;3;Manfred R.;TRESCA;2014-10-30;
199;56921.39539;0.00049;988;0.0009;95.2;2.1;26.3;0.9;R;2;Albiréo 78;TRESCA;2014-10-30;
198;56921.39325;0.00117;988;-0.0013;100.2;4.7;21.6;1.6;R;3;Ferran Grau Horta;TRESCA;2018-12-11;
197;56921.39176;0.00068;988;-0.0027;95.9;2.9;27.4;1.5;V;3;Bretton M.;TRESCA;2014-10-29;
196;56918.55414;0.00049;986;-0.0003;95.3;1.9;23.4;0.8;Clear;2;Benni P.;TRESCA;2014-10-29;
195;56911.45324;0.00042;981;-0.0011;99.9;1.8;24.8;0.7;Clear;1;Hentunen V. P.;TRESCA;2014-10-29;
194;56905.77403;0.00058;977;-0.0002;94.2;2.4;26.3;1;Clear;3;Benni P.;TRESCA;2014-10-29;
193;56894.40724;0.00103;969;-0.0068;78.9;4.4;52.3;2.8;Clear;1;Luis Tremosa;TRESCA;2018-12-11;
192;56887.30928;0.00063;964;-0.0046;101;3;38.1;2.9;R;2;Galiullin I.;TRESCA;2014-10-29;
191;56884.47325;0.00057;962;-0.0006;98.7;2.4;29.2;1.3;R;3;Engin Bahar, Ulus Uludag, Ozgur Basturk, Artem Burdanov;TRESCA;2014-11-07;
190;56878.79344;0.00056;958;-0.0003;96.5;2.3;25.8;1;Clear;3;Benni P.;TRESCA;2014-08-20;
189;56878.79302;0.00052;958;-0.0007;98.2;2.2;25.1;0.9;Clear;2;Garlitz J.;TRESCA;2014-08-20;
188;56877.3722;0.00122;957;-0.0015;96.1;4.8;22.8;2;R;3;Scaggiante F., Zardin D.;TRESCA;2014-10-29;
187;56864.59353;0.0008;948;0.0000;100;3.1;25.2;1.3;Clear;3;Benni P.;TRESCA;2014-08-14;
186;56851.81367;0.00083;939;0.0004;104.6;3.5;29.5;1.4;Clear;3;Garlitz J.;TRESCA;2014-07-14;
185;56840.45297;0.00053;931;-0.0001;97.4;2.2;25.5;0.8;Clear;2;Marino G.;TRESCA;2014-07-14;
184;56830.51209;0.00141;924;-0.0008;108.3;5.6;31.2;2.8;R;3;Campos F.;TRESCA;2014-07-14;
183;56813.47253;0.00049;912;-0.0001;101.9;2;26.5;0.8;R;2;Salisbury M.;TRESCA;2014-07-14;
182;56810.63301;0.00088;910;0.0004;82.9;3.5;22.1;1.5;Clear;3;Benni P.;TRESCA;2014-07-14;
181;56803.53039;0.00098;905;-0.0021;;;41.6;3.7;Clear;5;Trnka J.;TRESCA;2014-07-14;
180;56797.8526;0.00064;901;0.0002;100.8;2.6;22.5;0.9;Clear;3;Garlitz J.;TRESCA;2014-06-26;
179;56796.43413;0.00109;900;0.0018;101.1;4.2;26.6;;Clear;3;Gerteis O.;TRESCA;2014-06-17;
178;56796.43209;;900;-0.0003;96.5;;23.5;;Clear;3;AAAV Astrofili Valdera;TRESCA;2018-12-11;
177;56790.75447;0.00078;896;0.0022;96.4;3.3;26.6;1.5;Clear;3;Shadic S., Aziz U.;TRESCA;2014-07-14;
176;56786.48996;0.00063;893;-0.0022;98.7;2.6;20.9;3;R;3;Romanyuk Y.;TRESCA;2014-06-17;
175;56776.55003;0.00079;886;-0.0020;94.8;3.2;25.3;1.4;Clear;3;Bachschmidt M.;TRESCA;2014-06-17;
174;56752.40798;0.00218;869;-0.0036;109.4;10.1;36.9;5.3;Clear;4;Sergey I.;TRESCA;2014-04-14;
173;56732.53063;0.00067;855;-0.0006;103;2.9;20.7;1.5;Clear;3;Sokov E. N., Lyashenko A., Rusov S.;TRESCA;2014-06-17;
172;56732.53063;0.00067;855;-0.0006;103;2.9;20.7;1.5;Clear;3;Eugene Sokov, Artem Lyashenko,Sergey Rusov;TRESCA;2018-12-11;
171;56712.64961;0.00076;841;-0.0013;101.6;3.2;30.4;1.4;Clear;3;Dittler U.;TRESCA;2014-03-24;
170;56657.2702;0.00055;802;0.0003;96.1;2.3;24.4;0.9;Clear;2;Zibar M.;TRESCA;2014-08-14;
169;56657.26897;0.0004;802;-0.0010;94.9;1.6;23.9;0.7;R;1;Salisbury M.;TRESCA;2014-02-06;
168;56657.26869;0.00101;802;-0.0012;93.6;4.3;24.8;2.3;Clear;3;Trnka J.;TRESCA;2014-02-06;
167;56640.22759;0.00035;790;-0.0020;105.6;1.4;27.5;0.6;Clear;2;Sergey Velichko, Eugene Sokov;TRESCA;2018-12-11;
166;56637.39056;0.00113;788;0.0010;103.2;4.3;23.8;1.8;Clear;3;Lampens P., Cauteren P. ;TRESCA;2014-04-14;
165;56630.28945;0.00055;783;-0.0000;97.1;2.2;26.1;0.9;Clear;2;Scaggiante F., Zardin D.;TRESCA;2014-01-06;
164;56630.28903;0.00077;783;-0.0004;102.1;3.2;25.7;1.2;V;3;Horta F. G.;TRESCA;2013-12-05;
163;56617.50897;0.00084;774;-0.0003;100.4;3.3;19.9;1.1;Clear;3;Benni P.;TRESCA;2013-11-25;
162;56610.40838;0.00054;769;-0.0007;100.2;2.2;27.6;1;Clear;2;Johansson M.;TRESCA;2013-11-21;
161;56610.40815;0.00052;769;-0.0010;96.3;2;24.6;0.9;Clear;2;Hermansson L.;TRESCA;2013-11-21;
160;56607.56926;0.00058;767;0.0002;93.9;2.3;24.1;1;Clear;3;Benni P.;TRESCA;2013-11-12;
159;56603.31214;0.00099;764;0.0031;97.7;3.8;26.3;1.8;Clear;3;Zubovič D., Pavletič L.;TRESCA;2013-12-05;
158;56603.30831;0.00059;764;-0.0007;95.4;2.2;23.3;1;Clear;2;Albiréo 78;TRESCA;2013-11-21;
157;56603.30612;0.00053;764;-0.0029;96.7;2.1;23.9;0.8;R;2;Haro J. L.;TRESCA;2013-11-12;
156;56593.3632;0.00161;757;-0.0056;98.5;6.6;24.7;2.5;Clear;3;Mravik J., Grnja J.;TRESCA;2013-10-30;
155;56586.26776;0.00049;752;-0.0009;101.2;2.2;24;1.3;Clear;2;Benishek V.;TRESCA;2013-10-30;
154;56586.26671;0.00047;752;-0.0020;105.2;2;30.2;0.9;Clear;2;Hentunen V. P.;TRESCA;2013-10-30;
153;56583.42847;0.00068;750;-0.0002;95.3;2.5;25.4;1.3;R;2;Salisbury M.;TRESCA;2013-10-30;
152;56577.75126;0.0014;746;0.0027;87.5;5.7;23.3;2.2;R;4;Alkema M.;TRESCA;2013-10-14;
151;56576.32665;0.00066;745;-0.0019;120.2;2.7;23.1;0.8;R;3;Ozavci I., Sevim K., Burdanov A.;TRESCA;2014-04-14;
150;56573.48505;0.0008;743;-0.0034;108.3;3.1;21.6;0.9;Clear;2;Hentunen V. P.;TRESCA;2013-10-14;
149;56567.80989;0.00125;739;0.0015;102.4;5.1;24.9;2;V;3;Alkema M.;TRESCA;2013-10-07;
148;56566.38811;0.00036;738;-0.0002;99.3;1.5;25.6;0.6;R;1;Salisbury M.;TRESCA;2013-10-07;
147;56560.70907;0.0006;734;0.0008;95.6;2.5;25.9;1;Clear;2;Adachi E, Capiro B., Hui R., Lowenthal J.;TRESCA;2014-04-14;
146;56553.60796;0.00068;729;-0.0002;102.4;2.8;24.2;1;Clear;3;Benni P.;TRESCA;2013-09-23;
145;56550.76672;0.00077;727;-0.0014;112;3.3;31.2;1.3;Clear;3;Benni P.;TRESCA;2013-09-17;
144;56549.34763;0.00132;726;-0.0004;101.7;5.7;32;2.8;V;3;Horta F. G.;TRESCA;2013-09-17;
143;56549.34683;0.00058;726;-0.0012;99.2;2.4;27.6;1;Clear;3;Scaggiante F., Zardin D.;TRESCA;2013-10-14;
142;56539.40778;0.0005;719;-0.0001;100.5;2.2;23.3;1.7;Clear;2;Garcia F.;TRESCA;2013-09-05;
141;56539.40643;0.00064;719;-0.0015;;;26.9;2.2;Clear;5;Hentunen V. P.;TRESCA;2013-09-05;
140;56535.14736;0.00036;716;-0.0005;101.5;1.5;27.1;0.7;R;1;Karavaev Y., Loginovskaj A., Sokov E.;TRESCA;2014-05-07;
139;56522.37311;0.00137;707;0.0055;110.3;5.7;26;12.8;Clear;3;Majchrovic I., Maruska Tomas, Grnja M.;TRESCA;2013-08-21;
138;56522.36707;0.00063;707;-0.0005;95.6;2.5;24.1;1.2;Clear;2;Scaggiante F., Zardin D.;TRESCA;2013-08-21;
137;56519.52776;0.00064;705;0.0002;95.1;2.6;25.2;1.2;V;3;Velasco J. L. M.;TRESCA;2013-08-21;
136;56519.52303;0.001;705;-0.0045;76.9;4.2;26.1;2.1;Clear;3;Zibar M.;TRESCA;2013-09-03;
135;56512.42482;0.0008;700;-0.0026;95.7;3.3;29.1;1.7;Clear;3;Benishek V.;TRESCA;2013-08-09;
134;56509.59139;0.00085;698;0.0040;80.6;3;13.7;1.1;Clear;3;Bachschmidt M.;TRESCA;2013-08-21;
133;56506.74688;0.00033;696;-0.0004;98.9;1.5;24.5;0.6;Clear;1;Shadic S.;TRESCA;2014-11-03;
132;56505.32919;0.00257;695;0.0019;92.4;10.1;24;6.9;Clear;3;Mravik J., Grnja J.;TRESCA;2013-08-09;
131;56502.48741;0.00045;693;0.0002;97.1;1.8;27.3;0.9;R;1;Salisbury M.;TRESCA;2013-08-09;
130;56495.39539;0.00191;688;0.0083;98.5;7.6;26;6.4;Clear;3;Mravik J., Grnja J.;TRESCA;2013-08-05;
129;56489.7063;0.0005;684;-0.0007;102.4;2.1;28.3;0.9;Clear;2;Benni P.;TRESCA;2013-08-04;
128;56485.4473;0.00122;681;0.0003;101.1;5.6;33.2;3.5;Clear;3;Sokov E. N., Slesarenko V.;TRESCA;2013-08-09;
127;56485.44701;0.00041;681;0.0001;95.8;1.7;24.9;0.7;Clear;2;Nicolas E.;TRESCA;2013-08-04;
126;56478.34489;0.00073;676;-0.0019;98;3.4;29;1.6;R;3;Orhan R., Yorukoglu O., Burdanov A.;TRESCA;2014-04-14;
125;56478.34489;0.00073;676;-0.0019;98;3.4;29;1.6;R;3;Reyhan Orhan, Onur Yorukoglu, Ozgur Basturk, Artem Burdanov;TRESCA;2018-12-11;
124;56475.50924;0.0023;674;0.0025;96.3;9.8;30.6;5.1;Clear;4;Mravik J., Grnja J.;TRESCA;2013-08-04;
123;56475.50623;0.00078;674;-0.0006;106.1;2.9;42.1;3;Clear;1;Gaehrken B.;TRESCA;2013-08-04;
122;56468.40926;0.00058;669;0.0026;98.7;2.3;25.2;1;R;2;Ciencia J.;TRESCA;2013-08-04;
121;56458.47068;0.0004;662;0.0042;96.1;1.7;26.3;0.7;Clear;1;Gonzalez J.;TRESCA;2013-06-26;
120;56458.47001;0.00103;662;0.0035;;;27;2.9;Clear;5;Mravik J., Grnja J.;TRESCA;2013-06-26;
119;56458.46432;0.00051;662;-0.0022;106.2;2;31.7;1;Clear;1;Golovanow S.;TRESCA;2013-06-27;
118;56442.8467;0.00036;651;0.0005;99;1.5;25.6;0.6;Clear;1;Shadic S.;TRESCA;2013-06-26;
117;56432.9059;0.00256;644;-0.0001;78.2;9.8;15.7;3.5;R;5;Lake P.;TRESCA;2013-05-29;
116;56431.4881;0.00115;643;0.0021;111.1;4.8;28.1;1.8;Clear;3;Martin Zíbar;TRESCA;2018-12-11;
115;56431.48758;0.00108;643;0.0016;99.6;4.5;25.4;1.7;Clear;3;Zibar M.;TRESCA;2013-09-03;
114;56431.48673;0.00097;643;0.0007;96.2;4;24.9;1.6;Clear;3;Lomoz F.;TRESCA;2013-05-21;
113;56431.48533;0.00084;643;-0.0007;95.2;3.5;26.3;2.1;Clear;3;Trnka J.;TRESCA;2013-05-21;
112;56431.48481;0.00067;643;-0.0012;93.5;2.9;28.1;1.2;Clear;3;Lomoz F.;TRESCA;2013-05-21;
111;56431.48212;0.00271;643;-0.0039;;;19.1;5.6;Clear;5;Mravik J., Grnja J.;TRESCA;2013-05-21;
110;56425.80621;0.00506;639;0.0003;113.2;16.7;34.3;13.4;R;3;Lake P.;TRESCA;2013-05-14;
109;56421.55146;0.00176;636;0.0056;;;42.9;12.3;Clear;5;Angel T., Harlingten C.;TRESCA;2013-05-29;
108;56418.70427;0.00067;634;-0.0015;105.7;2.9;25.8;1.2;Clear;3;Shadic S.;TRESCA;2013-06-26;
107;56415.8606;0.00196;632;-0.0051;98;7.7;18;3.2;R;4;Lake P.;TRESCA;2013-05-13;
106;56414.44549;0.00047;631;-0.0002;101;2;24.6;0.7;Clear;2;Hentunen V. P.;TRESCA;2013-05-02;
105;56414.44529;0.00116;631;-0.0004;105.2;4.8;22.4;1.6;R;3;Vrašťák M.;TRESCA;2013-05-02;
104;56414.44494;0.00037;631;-0.0008;99.2;1.6;26.1;1;Clear;2;Sokov E. N., Vereshchagina I.;TRESCA;2013-05-06;
103;56407.34941;0.00169;626;0.0038;90.3;7.2;26.9;2.1;R;3;Ibrahim Ozavci, Onur Yorukoglu, Artem Burdanov;TRESCA;2013-08-04;
102;56407.34556;0.00078;626;-0.0000;99.3;3.3;27.2;1.5;Clear;3;Sokov E. N., Vereshchagina I.;TRESCA;2013-05-02;
101;56404.50536;0.00025;624;-0.0002;;;27.3;1.6;Clear;3;Sokov E. N., Ivanov A.;TRESCA;2013-05-02;
100;56397.40534;0.00241;619;-0.0001;98.8;9.8;22.6;6.2;Clear;3;Dittler U.;TRESCA;2013-04-25;
99;56397.40453;0.00032;619;-0.0009;96.9;1.4;29.6;0.7;Clear;1;Shadic S., Rusov S.;TRESCA;2013-04-25;
98;56387.46462;0.00057;612;-0.0006;96.7;2.3;21.4;0.8;Clear;2;Ivanov A. V., Sokov E. N.;TRESCA;2013-04-25;
97;56343.44321;2456340;581;-0.0013;98.5;3;27.2;1.2;R;3;Bourdanov A.;TRESCA;2013-03-04;
96;56269.60447;0.0015;529;0.0013;87.8;5.7;21.2;2.6;R;4;Lake P.;TRESCA;2012-12-17;
95;56265.34243;0.00124;526;-0.0007;102.7;5.1;20.7;1.6;V;3;Horta F. G.;TRESCA;2012-12-06;
94;56259.66356;0.00171;522;0.0005;91.3;7.1;31.5;3.7;;4;Lake P.;TRESCA;2012-11-28;
93;56259.66177;0.00116;522;-0.0013;100.9;4.7;22.2;1.5;Clear;3;Shadic S.;TRESCA;2012-12-06;
92;56252.56443;0.00245;517;0.0015;;;19.4;4.6;R;5;Lake P.;TRESCA;2012-11-28;
91;56242.62069;0.00048;510;-0.0021;107.7;2.1;39.5;1.1;Clear;2;Rauscher P.;TRESCA;2012-12-06;
90;56228.42261;0.00071;500;0.0001;100.8;3;26.4;1.1;Clear;3;Sokov E. N.;TRESCA;2013-01-28;
89;56221.32032;0.00073;495;-0.0021;96.7;3;30.2;1.5;Clear;2;Büchner A.;TRESCA;2012-10-23;
88;56218.47933;0.0009;493;-0.0030;115.7;4.2;47.7;2.5;Clear;3;Sokov E. N.;TRESCA;2013-01-28;
87;56214.21895;0.00278;490;-0.0033;96.2;10.9;16.3;3;R;4;Artem Bourdanov;TRESCA;2018-12-11;
86;56211.38524;0.00114;488;0.0030;94.9;4.8;26;2;V;3;Sherman J.;TRESCA;2012-10-15;
85;56204.28005;0.00157;483;-0.0020;100;6.9;31.9;4;Clear;3;Sokov E. N.;TRESCA;2013-01-28;
84;56201.44077;0.00032;481;-0.0013;85;7;23.6;2.9;V;4;Emering F.;TRESCA;2012-10-04;
83;56185.82228;0.0004;470;0.0005;94.6;1.7;22.3;0.6;Clear;2;Shadic S.;TRESCA;2013-04-22;
82;56177.29604;0.00281;464;-0.0056;94.8;11.6;18.2;3.7;R;4;Bourdanov A.;TRESCA;2012-11-22;
81;56174.46452;0.00066;462;0.0030;95.2;2.7;19.5;0.8;Clear;3;Carre&#241;o A.;TRESCA;2012-09-06;
80;56164.52035;0.00043;455;-0.0010;99.9;1.8;25;0.7;Clear;1;Marino G.;TRESCA;2012-09-06;
79;56157.42146;0.00144;450;0.0002;103.6;5.7;25.9;2.1;Clear;3;Büchner A.;TRESCA;2012-08-31;
78;56157.41884;0.00049;450;-0.0024;94.8;2.1;21.8;0.6;R;2;Scarmato T.;TRESCA;2012-09-03;
77;56151.74156;0.00046;446;0.0004;97.7;1.9;30.1;1;Clear;2;Garlitz J.;TRESCA;2012-08-28;
76;56151.74156;0.00046;446;0.0004;97.7;1.9;30.1;1;Clear;2;Garlitz J.;TRESCA;2012-08-31;
75;56147.4772;0.00041;443;-0.0039;96.2;1.9;33.5;1.1;Clear;2;Lopresti C.;TRESCA;2012-08-29;
74;56147.4772;0.00041;443;-0.0039;96.2;1.9;33.5;1.1;Clear;2;Lopresti C.;TRESCA;2012-08-29;
73;56134.70253;0.00038;434;0.0017;99.6;1.6;21.4;0.5;Clear;2;Skillman D.;TRESCA;2012-08-29;
72;56134.70084;0.00062;434;-0.0000;101.1;2.6;26.2;1;R;3;S. Averill, B. Brooks, S. Bueltmann, D. McDavid, C. Salgado;TRESCA;2012-08-29;
71;56113.40018;0.00066;419;-0.0003;92.6;2.7;23.2;1;Clear;3;Ayiomamitis A.;TRESCA;2012-07-13;
70;56113.39963;0.00038;419;-0.0009;90;1.6;20.3;0.6;V;2;Lopresti C.;TRESCA;2012-07-13;
69;56103.45955;0.00058;412;-0.0008;96.3;2.4;27.3;1;V;2;Horta F. G.;TRESCA;2012-06-28;
68;56103.4593;0.00088;412;-0.0010;79.3;3.9;33.6;4.7;Clear;3;Mravik J., Grnja J.;TRESCA;2012-06-28;
67;56087.84145;0.00053;401;0.0014;97.2;2.4;26.8;1.1;Clear;2;Kehusmaa P., Harlingten C.;TRESCA;2012-07-09;
66;56086.41938;0.00073;400;-0.0007;102.3;2.9;26.8;1.5;Clear;3;Mravik J., Grnja J.;TRESCA;2012-06-20;
65;56076.4822;0.00142;393;0.0023;91.1;5.9;26.6;2.5;V;4;Emering F.;TRESCA;2012-06-05;
64;56069.37987;0.00082;388;0.0001;103.4;3.6;26.9;2.3;R;3;Romanyuk Y.;TRESCA;2012-06-01;
63;56060.85972;0.00052;382;0.0001;97.8;2.3;38;1.3;Clear;2;Dittler, Ullrich;TRESCA;2016-01-07;
62;56059.44059;0.00089;381;0.0010;93.5;3.7;26.8;1.6;V;3;Horta F. G.;TRESCA;2012-05-19;
61;56032.45915;0.00061;362;0.0000;104.1;2.6;27.7;1;Clear;3;Romas E., Sokov E., Martyusheva A. ;TRESCA;2012-11-01;
60;56032.45915;0.00061;362;0.0000;104.1;2.6;27.7;1;Clear;3;Eugene Romas, Eugene Sokov, Aleksandra Martusheva;TRESCA;2018-12-11;
59;56015.4207;0.00094;350;0.0019;88.2;3.9;24.2;1.8;Clear;3;Horta F. G.;TRESCA;2012-04-02;
58;56005.47946;0.00117;343;0.0008;102;4.4;33.4;12.8;Clear;3;Tercu O., Dumitriu A.;TRESCA;2012-03-21;
57;56002.64007;0.00106;341;0.0015;103.3;4.2;31.3;2.2;Clear;3;Trnka J.;TRESCA;2012-03-21;
56;56002.63742;0.00387;341;-0.0012;92.1;15.2;21.1;6.3;Clear;5;Martin Zíbar;TRESCA;2018-12-11;
55;56002.63658;0.00044;341;-0.0020;96.7;1.8;24.8;0.7;Clear;2;Horta F. G.;TRESCA;2012-03-19;
54;55995.54026;0.00156;336;0.0018;;;22.2;2.3;Clear;4;Horta F. G.;TRESCA;2012-03-19;
53;55991.2804;0.00224;333;0.0020;91.8;8.2;17.6;3;Clear;4;Lomoz F.;TRESCA;2012-03-05;
52;55991.2788;0.00259;333;0.0004;96.1;10;25.3;4.7;Clear;4;Lomoz F.;TRESCA;2012-03-05;
51;55985.59816;0.00067;329;-0.0001;97.8;3;26.1;1.8;R;2;Nicolas E.;TRESCA;2012-02-29;
50;55969.97643;0.00104;318;-0.0016;101.6;4.2;21.9;1.5;I;3;Shadic S.;TRESCA;2012-03-19;
49;55954.35798;0.00097;307;0.0002;;;28.4;2;Clear;5;Sokov E. N.;TRESCA;2012-02-06;
48;55894.7172;0.00049;265;0.0005;99.9;2.1;26.7;0.9;Clear;2;Shadic S.;TRESCA;2011-12-12;
47;55893.29677;0.00051;264;0.0001;88.6;2.1;24.4;1.1;V;2;Harris D.;TRESCA;2011-12-21;
46;55883.3561;0.00104;257;-0.0004;106.5;4.4;24.5;3.4;Clear;3;Corfini G.;TRESCA;2011-11-23;
45;55867.73796;0.00054;246;0.0017;98.8;2.2;25.1;0.8;Clear;2;Shadic S.;TRESCA;2011-11-09;
44;55866.31568;0.00185;245;-0.0005;98.6;8.3;20.9;3.9;V;5;Hoeven A.;TRESCA;2011-11-09;
43;55866.31446;0.00064;245;-0.0018;100.9;3;24.3;1.6;V;5;Hoeven A.;TRESCA;2011-11-09;
42;55856.37558;0.00202;238;-0.0005;97.3;7.9;28.5;6;V;4;Emering F.;TRESCA;2011-11-06;
41;55856.37475;0.00089;238;-0.0013;102.4;3.7;30.2;1.6;R;3;Hečko A.;TRESCA;2011-11-09;
40;55856.37426;0.00077;238;-0.0018;104.9;3.1;28;1.3;Clear;2;Corfini G.;TRESCA;2011-10-24;
39;55853.53558;0.00148;236;-0.0004;;;28.9;4.5;Clear;5;Tremosa L.;TRESCA;2011-10-24;
38;55850.69687;0.00074;234;0.0009;90.2;2.9;16.6;0.9;Clear;3;Bernstein S;TRESCA;2011-11-09;
37;55849.27992;0.01138;233;0.0040;99.3;44;42.2;11.2;V;3;Fernand Emering;TRESCA;2018-12-11;
36;55846.43575;0.00054;231;-0.0001;94;2.4;24.1;1.1;R;2;Zambelli R.;TRESCA;2011-10-17;
35;55839.33607;0.00096;226;0.0003;103.2;4.2;29.1;3.1;Clear;3;Corfini G.;TRESCA;2011-10-10;
34;55832.23663;0.00085;221;0.0010;98.9;3.6;27.1;2.1;Clear;3;Hui M., Gao X.;TRESCA;2011-10-06;
33;55832.23613;0.00039;221;0.0005;97.7;1.6;28.9;0.7;Clear;2;Sun G., Gao X.;TRESCA;2011-10-01;
32;55829.3945;0.00078;219;-0.0011;91.6;3.3;21.1;1.2;Clear;3;Brát L.;TRESCA;2011-09-27;
31;55829.39385;0.00049;219;-0.0017;100.3;2.1;24.5;1.2;Clear;1;Trnka J.;TRESCA;2011-09-27;
30;55819.45801;0.00092;212;0.0026;;;;;R;5;Poddany S.;TRESCA;2011-09-27;
29;55796.73417;0.00039;196;-0.0009;98.3;1.7;26.3;0.9;Clear;1;Shadic S.;TRESCA;2011-12-12;
28;55793.89525;0.00041;194;0.0003;97.3;1.7;24.6;0.6;Clear;1;Hose K.;TRESCA;2011-08-29;
27;55792.47725;0.00155;193;0.0023;93.7;6.3;24.8;2.6;Clear;3;Zibar M.;TRESCA;2011-08-29;
26;55792.47609;0.00087;193;0.0011;99.6;3.9;25.7;2.4;Clear;3;Sergison D.;TRESCA;2011-08-29;
25;55792.47166;0.00064;193;-0.0033;;;28.9;0.9;Clear;5;Bekhteva A.S., Sokov E.N.;TRESCA;2011-08-30;
24;55786.79497;0.00059;189;0.0001;97.1;2.5;24.4;1;R;2;Shadic S., Hao H.;TRESCA;2011-08-29;
23;55779.69688;0.00073;184;0.0022;90.5;3.3;26.8;1.8;Clear;5;Garlitz J.;TRESCA;2011-08-15;
22;55758.40094;0.0034;169;0.0066;95.9;14.6;29.7;6.9;R;5;Brosio A.;TRESCA;2011-07-26;
21;55748.45882;0.00077;162;0.0046;95.3;3.2;23.6;1.2;Clear;3;Centenera F.;TRESCA;2011-07-25;
20;55748.45374;0.00125;162;-0.0004;;;27.7;2.1;Clear;3;Zibar M.;TRESCA;2011-09-01;
19;55748.4532;0.00139;162;-0.0010;;;26.8;2.9;Clear;5;Scarmato T.;TRESCA;2011-07-25;
18;55748.44824;0.00505;162;-0.0059;113;20.8;30.4;9;V;5;Perroud V.;TRESCA;2011-07-25;
17;55742.77456;0.00088;158;0.0005;94.4;3.6;24;1.5;R;2;Brooks B., Bueltmann S., Mitchell K., Salgado C. ;TRESCA;2011-07-26;
16;55738.51811;0.00062;155;0.0041;97.6;2.6;27.7;1.1;Clear;2;Casarramona F., Estraviz G.;TRESCA;2011-06-29;
15;55715.79236;0.00061;139;-0.0013;;;29.2;1;Clear;5;Dax T.;TRESCA;2012-06-01;
14;55698.75697;0.00095;127;0.0036;;;29.2;3.4;Clear;5;Tanya Dax, Dan Franke;TRESCA;2011-07-25;
13;55687.39414;0.00063;119;0.0010;101.1;2.6;27.2;1.2;Clear;2;Brát L.;TRESCA;2011-05-09;
12;55671.77399;0.00071;108;0.0011;102.4;3;27;1.2;I;3;Shadic S.;TRESCA;2011-04-28;
11;55670.35469;0.00092;107;0.0019;;;27.7;1.6;Clear;5;Sokov E. N.;TRESCA;2011-06-01;
10;55657.5718;0.00074;98;-0.0008;98.3;2.9;25;1.1;Clear;3;Michelet J.;TRESCA;2011-04-14;
9;55657.57172;0.00271;98;-0.0009;101.6;11.3;26.1;4.3;Clear;4;Thizy O.;TRESCA;2011-04-14;
8;55650.47187;0.00058;93;-0.0006;102.5;2.4;23.5;0.8;Clear;2;Hentunen V.;TRESCA;2011-03-30;
7;55640.53843;0.00312;86;0.0061;;;;;Clear;5;Brát L.;TRESCA;2011-03-23;
6;55636.27355;0.00116;83;0.0013;102.9;4.9;26.9;1.4;Clear;3;Gorshanov D. L., Sokov E. N.;TRESCA;2011-06-01;
5;55623.49188;0.00095;74;-0.0001;92.7;3.7;25;1.9;Clear;3;Vereshchagina I. A., Sokov E. N;TRESCA;2011-03-17;
4;55613.55372;0.00145;67;0.0019;80.6;5.7;24.7;2.6;Clear;3;Brát L.;TRESCA;2011-02-24;
3;55609.29005;0.00075;64;-0.0017;91;3.1;26.2;1.3;Clear;3;Hentunen V.-P.;TRESCA;2011-02-24;
2;55603.6097;0.0008;60;-0.0020;99.3;3.4;24.2;2.9;Clear;3;Benishek V.;TRESCA;2011-02-23;
1;55518.4102;0.0002;0;0.0000;;;;;;1;K.A.Alsubai et al., 2010;K.A.Alsubai et al., 2010;2010-12-26;