247;59455.37172;0.00037;2464;0.0037;98.8;1.5;28;0.7;V;1;Yves Jongen;TRESCA;2021-09-16;
246;59435.40492;0.00022;2455;0.0041;105.2;1;26.7;0.6;R;1;JOSEP GAITAN;TRESCA;2021-09-16;
245;59435.40471;0.00024;2455;0.0039;105.2;1.1;26.9;0.6;R;1;JOSEP GAITAN;TRESCA;2021-09-16;
244;59417.6572;0.00051;2447;0.0050;102.1;2.1;28.7;0.8;V;2;Yves Jongen;TRESCA;2021-09-16;
243;59415.4385;0.00036;2446;0.0048;106.5;1.4;26.4;0.6;I;1;Claudio Lopresti;TRESCA;2021-09-16;
242;59395.46554;0.00273;2437;-0.0010;114.5;10.8;29.3;4.6;Clear;4;Jean Plazas;TRESCA;2021-09-16;
241;59375.50356;0.00058;2428;0.0042;110;2.4;31.6;1.2;V;2;Javier de Elias;TRESCA;2021-06-26;
240;59140.3385;0.0002;2322;0.0079;105.9;0.8;29;0.4;R;1;JuanJo Salamero;TRESCA;2020-10-18;
239;59131.45706;0.00352;2318;0.0008;103.4;11.2;33.9;8.6;B;3;jean plazas;TRESCA;2020-10-18;
238;59111.48772;0.00208;2309;-0.0014;147.5;8.9;79.5;7.5;B;3;F. Lomoz;TRESCA;2020-09-28;
237;59111.47896;0.00279;2309;-0.0101;147.1;10.1;11.8;1.5;Clear;5;F. Lomoz;TRESCA;2020-09-28;
236;59100.40058;0.0006;2304;0.0043;102;2.5;30.3;1.1;Clear;3;Walter F.;TRESCA;2020-09-28;
235;59071.55105;0.00151;2291;-0.0037;90.2;5.9;20;2.1;R;4;Tomáš Plšek, Roman Ponča;TRESCA;2020-08-26;
234;59040.49508;;2277;0.0003;109.4;;24.7;;Clear;2;AAAV Astrofili Valdera;TRESCA;2020-08-26;
233;58745.43355;0.00211;2144;0.0090;98.8;7.7;30.7;5.8;Clear;3;Ciprian Vintdevara;TRESCA;2019-12-09;
232;58725.45951;0.00093;2135;0.0022;107.6;3.7;25.8;1.3;I;3;Alberto Tomatis;TRESCA;2019-12-09;
231;58714.49617;0.00082;2130;0.1317;105.1;3.6;34.8;1.7;R;3;Daniel Bertesteanu;TRESCA;2019-12-09;
230;58714.36603;0.00213;2130;0.0015;74.8;8.6;26.5;5.1;V;4;Berthold Andreas;TRESCA;2019-12-09;
229;58694.397;;2121;-0.0003;109.4;;24.7;;Clear;5;Evgeny Krotkov;TRESCA;2019-12-09;
228;58685.52663;0.00035;2117;0.0036;106.4;1.4;26.4;0.6;I;1;Ramon Naves;TRESCA;2019-12-09;
227;58685.52354;0.00102;2117;0.0005;102;4.6;28.6;2;V;3;Alfa Crucis – Colesanti C, De Carvalho Aguiar P, Kulh D, Napoleao T, Olim E, Rodrigues MA, Treü R ;TRESCA;2020-10-18;
226;58676.65231;0.00089;2113;0.0036;112.7;3.4;27.8;1.5;V;3;Yves Jongen;TRESCA;2019-12-09;
225;58674.43433;0.00032;2112;0.0042;100.5;1.3;27.3;0.6;V;1;Yves Jongen;TRESCA;2019-12-09;
224;58665.56024;0.00025;2108;0.0044;107.5;1;29.5;0.4;Clear;1;Arena C. - Gruppo Astrofili Catanesi;TRESCA;2019-12-09;
223;58419.29857;0.0004;1997;0.0043;109.4;1.5;28;0.7;Clear;1;lionel rousselot;TRESCA;2018-12-11;
222;58379.36142;0.00171;1979;0.0015;109.4;;24.7;;R;4;Kyriaki Iosifidou;TRESCA;2018-12-11;
221;58359.39964;0.0012;1970;0.0069;109.4;;24.7;;Clear;3;Jan Schilhab;TRESCA;2018-12-11;
220;58350.52324;0.00077;1966;0.0048;106.1;3.2;28.6;1.4;V;3;Yves Jongen;TRESCA;2018-12-11;
219;58350.5219;0.00049;1966;0.0034;105.4;2;28.7;0.9;V;2;Pere Guerra;TRESCA;2018-12-11;
218;58339.42971;0.00027;1961;0.0041;106.6;1.2;26.4;0.8;R;1;Anael Wunsche;TRESCA;2018-12-11;
217;58339.42756;0.00044;1961;0.0020;112.7;1.8;27.8;0.6;Clear;1;Gabriel Murawski;TRESCA;2018-12-11;
216;58319.4667;0.00067;1952;0.0083;110.4;2.7;25.9;1;V;3;Yves Jongen;TRESCA;2018-12-11;
215;58299.49794;0.00062;1943;0.0067;105.5;2.6;29.8;1.1;V;2;Yves Jongen;TRESCA;2018-12-11;
214;58299.49456;0.00024;1943;0.0033;106.4;1;31.2;0.5;I;1;Marc Bretton;TRESCA;2018-12-11;
213;58084.29394;0.00125;1846;0.0043;116.9;5.3;32.6;2.3;R;3;Mattia Spagnol;TRESCA;2018-12-11;
212;58084.28926;0.00247;1846;-0.0004;99.2;9.8;28.3;4.7;Clear;4;PLAZAS;TRESCA;2018-12-11;
211;57986.67761;0.00115;1802;0.0052;112.2;9.1;259.4;82.7;R;2;Serge Bergeron;TRESCA;2018-12-11;
210;57953.40138;0.00048;1787;0.0075;93.1;2.1;27.2;1.2;Clear;2;Medulka T.;TRESCA;2018-12-11;
209;57944.52156;0.00079;1783;0.0020;109.4;;30.3;4.1;R;2;Gabriel Murawski;TRESCA;2018-12-11;
208;57913.46156;0.00065;1769;0.0020;111.9;2.8;28.4;1.3;Clear;3;M. Hoecherl;TRESCA;2018-12-11;
207;57642.79595;0.00018;1647;0.0024;103.9;0.7;29.6;0.3;B;1;Oleg Mazurenko;TRESCA;2016-12-27;
206;57638.36344;0.00015;1645;0.0070;109.4;;29.9;0.6;Clear;1;Gabriel Murawski;TRESCA;2016-12-27;
205;57638.35967;0.001;1645;0.0032;82;4.5;27.3;3.6;Clear;3;Gabriel Murawski;TRESCA;2016-12-27;
204;57629.48821;0.00079;1641;0.0061;104.6;3.3;29.6;1.5;Clear;3;Gabriel Murawski;TRESCA;2016-08-31;
203;57618.38988;0.00174;1636;0.0006;114.3;5.8;34;4.3;Clear;2;Ladislav Červinka;TRESCA;2016-08-27;
202;57618.38914;;1636;-0.0001;109.4;;24.7;;Clear;4;Marian Urbaník;TRESCA;2016-08-27;
201;57598.4254;0.00028;1627;0.0033;105.7;1.1;28.2;0.5;R;1;OPC - Damiano Trisciani;TRESCA;2016-12-27;
200;57598.42505;0.00026;1627;0.0029;105.8;1;28.3;0.4;R;1;OPC - Damiano Trisciani;TRESCA;2018-12-11;
199;57598.42487;0.0003;1627;0.0028;106.7;1.2;27.7;0.5;R;1;OPC - Damiano Trisciani;TRESCA;2016-08-27;
198;57589.55129;0.00066;1623;0.0035;108.3;2.7;29.5;1.1;V;3;Emmanuel Conseil;TRESCA;2016-08-27;
197;57578.45747;0.00041;1618;0.0025;101.2;1.6;27.2;0.8;R;2;Marc Bretton;TRESCA;2016-08-27;
196;57343.28985;0.00024;1512;0.0037;106.9;1;29.2;0.4;R;1;Marc Bretton;TRESCA;2015-11-23;
195;57343.28811;0.00036;1512;0.0019;104.1;1.4;28;0.7;R;1;Marc Bretton;TRESCA;2015-11-23;
194;57343.28811;0.00036;1512;0.0019;104.1;1.4;28;0.7;R;1;Marc Bretton;TRESCA;2015-11-23;
193;57283.39046;0.00029;1485;0.0057;109;1.2;27.1;0.7;R;1;JOSEP GAITAN;TRESCA;2015-10-16;
192;57283.3857;0.00071;1485;0.0010;114.1;3.5;32.6;1.3;U;2;Mark Salisbury;TRESCA;2015-10-16;
191;57263.41883;0.00051;1476;0.0013;106.6;2;26.9;1;Clear;3;Erika Pakstiene, Rimvydas Janulis;TRESCA;2015-10-19;
190;57263.41786;;1476;0.0003;109.4;;24.7;;Clear;3;Francesco Maio;TRESCA;2018-12-11;
189;57252.3243;0.00106;1471;-0.0004;110.9;5;34.6;3;Clear;3;javad jafarzade;TRESCA;2015-10-16;
188;57236.79839;0.00027;1464;0.0037;108.4;1.1;29;0.5;I;1;Stan Shadick;TRESCA;2015-10-08;
187;57223.48644;0.00095;1458;0.0032;108.5;4.6;30.8;1.7;U;3;Mark Salisbury;TRESCA;2015-10-16;
186;57223.48573;0.00053;1458;0.0025;106.4;2.2;26.9;0.9;R;2;Marc DELDEM;TRESCA;2015-10-08;
185;56950.60028;0.00037;1335;0.0016;110.7;1.5;28.5;0.7;I;1;Stan Shadick;TRESCA;2015-07-22;
184;56948.38354;0.0006;1334;0.0034;106.6;2.4;33.2;1.2;R;2;Antonio Zanardo;TRESCA;2015-08-10;
183;56941.72892;0.00039;1331;0.0045;119.2;1.7;37.5;0.8;I;1;Stan Shadick;TRESCA;2015-07-23;
182;56928.4153;0.00036;1325;0.0023;104.5;1.6;34.7;0.9;B;2;Jacobsen J.;TRESCA;2014-10-30;
181;56928.41462;0.0004;1325;0.0016;100.4;1.6;27.2;0.7;Clear;2;Kobierczynski J.;TRESCA;2014-10-30;
180;56917.32002;;1320;-0.0001;109.4;;24.7;;Clear;1;AAAV Astrofili Valdera;TRESCA;2018-12-11;
179;56901.79112;0.00037;1313;0.0010;110.7;1.6;28.9;0.8;I;2;Shadic S.;TRESCA;2014-11-03;
178;56897.35288;;1311;-0.0001;109.4;;24.7;;Clear;2;AAAV Astrofili Valdera;TRESCA;2018-12-11;
177;56879.60727;0.00035;1303;0.0029;106.4;1.4;31.3;0.7;R;2;Benni P.;TRESCA;2014-08-20;
176;56877.38531;;1302;-0.0005;109.4;;24.7;;Clear;1;AAAV Astrofili Valdera;TRESCA;2018-12-11;
175;56857.42215;0.00046;1293;0.0035;110.3;2;39.7;1.1;R;2;Martineli F.;TRESCA;2014-08-14;
174;56857.42058;0.00025;1293;0.0019;107.8;1;31.1;0.5;Clear;1;AAAV Astrofili Valdera;TRESCA;2014-08-14;
173;56850.76508;0.0004;1290;0.0022;108.7;1.5;28.7;0.8;I;1;Shadic S.;TRESCA;2014-08-14;
172;56817.49672;0.00063;1275;0.0124;113.8;2.5;28.1;1.5;Clear;2;Walter F.;TRESCA;2014-07-14;
171;56817.48408;0.00209;1275;-0.0002;97.1;7.6;27.8;2.4;Clear;3;Zibar M.;TRESCA;2014-08-20;
170;56810.83007;0.00013;1272;0.0015;103.7;0.5;28.8;0.2;Clear;1;Degenhardt S.;TRESCA;2014-07-14;
169;56790.8637;0.00038;1263;0.0023;110.5;1.6;31.3;1.5;I;1;Stan Shadick;TRESCA;2015-11-23;
168;56595.6302;0.00032;1175;0.0032;106.1;1.3;28.5;0.5;I;1;Shadic S.;TRESCA;2014-01-07;
167;56584.53642;0.0003;1170;0.0023;105.3;1.1;27.1;0.5;Clear;1;Benni P.;TRESCA;2013-10-24;
166;56575.66131;0.00055;1166;0.0015;104.6;2.1;25;0.9;I;3;Shadic S.;TRESCA;2014-05-07;
165;56564.56912;0.00032;1161;0.0022;107.6;1.3;27.9;0.5;Clear;2;Benni P.;TRESCA;2013-09-30;
164;56562.35102;0.00034;1160;0.0026;102.3;1.4;27.9;0.7;B;1;Salisbury M.;TRESCA;2013-10-07;
163;56542.38363;0.00028;1151;0.0024;103.8;1.2;28;0.5;R;1;Scaggiante F., Zardin D.;TRESCA;2013-09-12;
162;56522.41972;0.00173;1142;0.0057;107.7;6.7;27;3.5;Clear;3;Mravik J., Grnja J.;TRESCA;2013-08-21;
161;56522.41535;0.00036;1142;0.0013;108.8;1.6;27.6;0.6;Clear;1;Marino G.;TRESCA;2013-09-03;
160;56515.76043;0.00038;1139;0.0021;106.2;1.5;29.1;0.7;I;2;Benni P.;TRESCA;2013-08-21;
159;56513.54073;0.00498;1138;0.0010;101.4;15.6;29.2;10.5;Clear;4;Mravik J., Grnja J.;TRESCA;2013-08-09;
158;56493.57825;0.00097;1129;0.0056;;;26.4;5.7;Clear;5;Mravik J., Grnja J.;TRESCA;2013-08-05;
157;56493.576;0.00035;1129;0.0034;108.6;1.4;25.8;0.5;Clear;1;Gonzalez J.;TRESCA;2013-08-04;
156;56484.69957;0.00104;1125;0.0012;102.6;4.2;24;1.6;B;3;Kalvin O. Ogbuefi;TRESCA;2018-12-11;
155;56482.48266;0.00108;1124;0.0029;97.1;4.5;30.8;2.2;V;3;Conseil E.;TRESCA;2013-08-04;
154;56482.48218;0.00023;1124;0.0024;107.6;0.9;28.6;0.4;R;1;Salisbury M.;TRESCA;2013-08-04;
153;56482.48194;0.00112;1124;0.0022;107.5;4.6;26.3;1.8;Clear;3;Koch  B.;TRESCA;2013-08-04;
152;56482.47979;0.00106;1124;0.0000;102.9;4.4;27.5;1.9;Clear;3;Koch  B.;TRESCA;2013-08-21;
151;56475.82358;0.00035;1121;-0.0004;114.9;1.4;28.3;0.5;I;1;Shadic S.;TRESCA;2013-08-04;
150;56462.51494;0.00028;1115;0.0024;110.3;1.2;29.8;0.5;R;1;Scaggiante F., Zardin D.;TRESCA;2013-06-26;
149;56462.51358;0.00038;1115;0.0010;106.1;1.6;29.1;0.6;Clear;1;Carre&#241;o A.;TRESCA;2013-06-26;
148;56455.86453;0.00037;1112;0.0077;86.2;1.6;40.3;1;B;2;Kehusmaa P., Harlingten C.;TRESCA;2013-06-21;
147;56455.8612;0.00047;1112;0.0043;107;2;32.5;1.7;I;2;Shadic S.;TRESCA;2013-08-04;
146;56451.42212;0.00105;1110;0.0024;97.8;4.5;37.6;2.6;R;3;Lomoz F.;TRESCA;2013-06-21;
145;56247.31694;0.00118;1018;0.0060;122.6;4.6;31.3;1.6;Clear;3;Dittler U.;TRESCA;2012-11-22;
144;56216.25596;0.00156;1004;0.0050;97.4;7.1;37;4.8;Clear;3;Mravik J., Grnja J.;TRESCA;2012-10-18;
143;56207.37707;0.00047;1000;0.0004;103.5;1.9;27.4;0.8;B;2;Salisbury M.;TRESCA;2012-10-18;
142;56187.41084;0.00073;991;0.0013;112.6;3.4;41.1;2.1;V;3;Flechsig G.;TRESCA;2012-09-23;
141;56180.75044;0.00328;988;-0.0033;130.6;11.5;22.4;4.1;Clear;4;Compton D.;TRESCA;2012-09-27;
140;56178.53711;0.00264;987;0.0019;99.1;8.8;25.7;6.4;V;3;Arnaud C.;TRESCA;2012-09-23;
139;56167.44524;0.0011;982;0.0029;105.8;5.1;30.7;3.6;Clear;3;Mašek M.;TRESCA;2012-09-06;
138;56160.78799;0.00024;979;0.0014;107.4;1;28.1;0.4;I;1;Shadic S.;TRESCA;2012-11-01;
137;56147.47797;0.00025;973;0.0028;103.3;1;27.2;0.4;V;1;Naves R.;TRESCA;2012-08-29;
136;56147.47797;0.0002;973;0.0028;109.3;0.9;30.1;0.4;R;1;Herrero E.;TRESCA;2012-08-29;
135;56147.47759;0.00102;973;0.0024;113.2;4.1;28.8;3.7;R;3;Nougayrede J. P;TRESCA;2012-08-29;
134;56140.81933;0.0004;970;-0.0001;102.9;1.7;27.2;1.2;U;2;Strickland W., Doyle D.;TRESCA;2012-09-23;
133;56127.50915;0.00028;964;0.0011;109.5;1.2;34.2;0.6;Clear;1;Arena C.;TRESCA;2012-07-26;
132;56127.50696;0.00052;964;-0.0011;126.5;2.5;41.1;1.2;R;2;Scarmato T.;TRESCA;2012-07-25;
131;56127.50636;0.00109;964;-0.0017;112.9;3.7;31.2;2.4;R;5;Scarmato T.;TRESCA;2012-07-25;
130;56116.41759;0.00031;959;0.0024;108.7;1.3;29;0.6;R;1;Lopresti C.;TRESCA;2012-07-13;
129;56116.41685;0.00032;959;0.0017;105;1.3;28.6;0.6;R;1;Lopresti C.;TRESCA;2012-07-13;
128;56116.41652;0.00036;959;0.0014;102.2;1.5;27.3;0.6;B;1;Ayiomamitis A.;TRESCA;2012-07-13;
127;56107.54238;0.00041;955;0.0015;108.6;1.6;30.4;0.8;R;1;Martineli F.;TRESCA;2012-07-16;
126;56107.54222;0.0004;955;0.0014;108.7;1.7;30;0.8;R;1;Martineli F.;TRESCA;2012-07-13;
125;56100.88747;0.00047;952;0.0023;108.5;1.9;29;0.8;Clear;2;Rea D.;TRESCA;2012-07-13;
124;56096.45248;0.0004;950;0.0045;110.6;1.8;31.4;1.1;R;1;Naves R.;TRESCA;2012-06-26;
123;56096.44899;0.00047;950;0.0010;113.2;1.9;33.9;0.9;R;2;Scarmato T.;TRESCA;2012-06-26;
122;55861.27955;0.00107;844;0.0003;110.8;4.2;29.7;2.7;R;2;Romanyuk Y.;TRESCA;2012-05-19;
121;55852.40694;0.00113;840;0.0020;106.5;4.9;30.3;3.4;R;3;Liška J.;TRESCA;2011-10-24;
120;55845.7505;0.00083;837;0.0013;109.1;3.1;26.6;1.6;I;3;Shadic S.;TRESCA;2011-11-23;
119;55832.44453;0.00099;831;0.0068;104.2;4.3;27.3;2.8;Clear;3;Dalouzy J. Ch.;TRESCA;2012-01-10;
118;55832.44161;0.00114;831;0.0038;;;26.1;3.1;V;5;CONSEIL E.;TRESCA;2011-12-27;
117;55832.43992;0.0007;831;0.0021;106.2;2.9;31.3;1.3;Clear;3;Guildford Astronomical Society;TRESCA;2018-12-11;
116;55825.78512;0.00045;828;0.0031;109;1.7;28.7;0.8;I;2;Shadic S.;TRESCA;2012-05-09;
115;55794.72384;0.00026;814;0.0018;108.3;1.1;26.6;0.4;I;1;Shadic S.;TRESCA;2012-05-19;
114;55783.63292;0.00362;809;0.0038;99.4;13.7;26.2;2.3;R;5;Morris B.;TRESCA;2011-12-12;
113;55774.75727;0.00028;805;0.0024;106.4;1.2;29.2;0.5;R;2;Hall G.;TRESCA;2011-08-11;
112;55774.75462;0.00044;805;-0.0002;99.9;1.8;30;0.7;I;2;Shadic S.;TRESCA;2011-08-29;
111;55763.66359;0.00039;800;0.0016;109.7;1.6;31.1;0.7;R;2;Morris B.;TRESCA;2011-12-12;
110;55754.78975;0.00025;796;0.0020;108.9;1;27.9;0.4;I;1;Shadic S., Shiels Ch.;TRESCA;2012-05-19;
109;55754.78873;0.00028;796;0.0010;109.1;1.2;27;0.5;I;1;Shadic S.;TRESCA;2012-03-29;
108;55750.35195;0.00256;794;0.0014;102.6;11.5;38.8;7.1;Clear;4;Brosio A.;TRESCA;2011-07-25;
107;55741.48056;0.00049;790;0.0043;106.1;2;28.4;0.9;R;2;Pecharromán F. C.;TRESCA;2011-07-25;
106;55741.4777;0.001;790;0.0014;108.2;4.1;31.7;1.8;V;3;Perroud V.;TRESCA;2011-07-25;
105;55694.88852;0.00051;769;0.0023;113.1;2;29.9;0.9;I;2;Shadic S., Hao H.;TRESCA;2012-05-03;
104;55690.45484;0.00162;767;0.0058;97.6;7.3;33.4;4.3;Clear;4;Zibar M.;TRESCA;2011-05-11;
103;55512.96745;0.00077;687;0.0042;116;2.9;36.3;2.5;Clear;5;Song N.;TRESCA;2010-11-24;
102;55499.65332;0.00031;681;0.0015;108.1;1.2;26.4;0.5;I;1;Shadic S.;TRESCA;2011-06-29;
101;55484.12812;0.00131;674;0.0064;117.2;4.7;36.5;3.2;Clear;5;Song N.;TRESCA;2010-11-24;
100;55479.68684;0.00046;672;0.0022;87.7;1.8;30.7;1.1;RGB (G);2;Hall G.;TRESCA;2010-10-25;
99;55479.68594;0.00042;672;0.0013;101;1.7;26.7;0.7;V;2;Shadick S.;TRESCA;2010-10-14;
98;55455.27837;0.0007;661;-0.0019;;;27.3;1.6;R;5;Ruocco N.;TRESCA;2010-09-20;
97;55448.62498;0.0003;658;0.0004;106.5;1.2;26.6;0.5;V;2;Irwin S., Durrance S., Dauberman W., Gordon S.;TRESCA;2010-11-01;
96;55426.44039;0.00029;648;0.0015;103.7;1.2;28.4;0.5;R;1;Naves R.;TRESCA;2010-08-19;
95;55422.02319;0.00663;646;0.0215;61.2;21.3;17.9;8.3;Clear;2;Aleksandar Simonovic;TRESCA;2018-12-11;
94;55417.56445;0.00024;644;-0.0001;106.6;1;28.7;0.4;V;2;Potin L.;TRESCA;2010-09-20;
93;55399.81654;0.00028;636;0.0006;105.8;1.1;26.7;0.5;R;1;Hose K.;TRESCA;2010-07-26;
92;55388.72397;0.00037;631;0.0009;103.9;1.5;30.1;0.8;V;2;Shadick S.;TRESCA;2010-08-16;
91;55386.5044;0.00051;630;-0.0001;97.3;2;24.3;0.8;V;3;Fafet R.;TRESCA;2010-10-11;
90;55375.41516;0.00135;625;0.0035;101.9;5.7;33.4;3.4;V;5;Dangl G.;TRESCA;2010-07-15;
89;55359.88371;0.00083;618;0.0021;106.6;3.4;24.4;1.6;R;3;Trowbridge D.;TRESCA;2010-07-12;
88;55346.57328;0.00017;612;0.0031;106.1;0.7;29.3;0.3;B;1;Gené A., López L. & Oliver P.;TRESCA;2010-06-23;
87;55124.71365;0.00048;512;0.0008;98.4;2.4;32.4;3;V;2;Stan Shadick;TRESCA;2018-12-11;
86;55111.40267;0.00058;506;0.0012;107.2;2.3;27.9;1.1;R;2;Marchini A.;TRESCA;2009-12-09;
85;55100.3107;0.0009;501;0.0021;105;2.4;28.1;1.4;I;3;Srdoc;AXA;2009-10-27;
84;55100.30937;0.00089;501;0.0008;102.4;3.5;24.6;1.5;Clear;3;Vrašťák M.;TRESCA;2009-09-28;
83;55093.6577;0.0009;498;0.0048;102.6;2.4;29.5;1.4;B;3;Littlefield;AXA;2009-09-30;
82;55093.65729;0.00046;498;0.0044;97.2;2.3;31.8;3.1;V;2;W. Dauberman, S. Irwin, E. Schwieterman, B. Addison;TRESCA;2011-03-23;
81;55093.657;0.0008;498;0.0041;104.4;2.4;28.9;0.9;V;2;Littlefield;AXA;2009-09-30;
80;55093.65376;0.00066;498;0.0009;103.8;2.4;25.8;1.7;R;2;Shadick S.;TRESCA;2009-09-20;
79;55093.6533;0.001;498;0.0004;100.2;3;29;1.6;R;3;Littlefield;AXA;2009-09-30;
78;55073.6866;0.0006;489;0.0009;103.2;1.8;27.3;0.7;z;2;Gary;AXA;2009-08-31;
77;55073.686;0.0007;489;0.0003;103.2;1.8;27.7;1.1;I;3;Gary;AXA;2009-08-31;
76;55071.467;0.0005;488;-0.0001;103.2;1.2;27;0.5;I;3;Gregorio;AXA;2009-10-27;
75;55060.3752;0.0004;483;0.0009;104.4;1.2;28.65;0.63;R;1;Srdoc;AXA;2009-08-20;
74;55060.37507;0.00067;483;0.0008;98.8;2.7;31.5;1.4;V;2;Kocián R.;TRESCA;2009-08-18;
73;55040.40892;0.00089;474;0.0018;104.5;3.6;25.2;1.4;R;3;Hynek T.;TRESCA;2009-07-28;
72;55040.4081;0.0004;474;0.0010;102;1.2;28.2;0.9;R;2;Srdoc;AXA;2009-08-08;
71;55040.40493;0.00139;474;-0.0022;103.9;5.6;;;Clear;3;Jeřábková T.;TRESCA;2009-07-31;
70;55031.53745;0.00108;470;0.0046;;;32.6;2;Clear;5;Branco R.;TRESCA;2009-07-19;
69;55031.5354;0.0003;470;0.0026;103.8;1.2;29.8;0.5;R;1;Naves;AXA;2009-08-06;
68;55031.5346;0.0008;470;0.0018;103.8;2.4;30;1.2;R;2;Srdoc;AXA;2009-08-06;
67;55031.53341;0.00042;470;0.0006;104.4;1.8;28.7;0.7;V;1;Buil C.;astrosurf.com;2009-09-11;
66;55020.44182;0.00059;465;0.0019;109.6;2.4;28;0.9;R;3;Marchini A.;TRESCA;2009-07-12;
65;55020.43949;0.00052;465;-0.0005;104.3;2.1;25.1;0.8;R;2;Salvaggio F.;TRESCA;2009-07-11;
64;55020.43948;0.00052;465;-0.0005;100.9;2.1;24.2;0.8;R;2;Salvaggio F.;TRESCA;2010-01-18;
63;55009.3459;0.0012;460;-0.0012;99.6;3.6;31.55;1.75;R;3;Scarnato;AXA;2009-06-29;
62;55000.474;0.0004;456;0.0012;100.8;1.2;30.8;0.7;Clear;2;Arena;AXA;2009-08-06;
61;55000.47018;0.00244;456;-0.0026;;;37.1;3.9;Clear;5;Branco R.;TRESCA;2009-07-09;
60;54976.06887;0.00149;445;0.0004;104.1;5.8;28.7;3.2;Clear;3;Evans P.;TRESCA;2010-03-30;
59;54940.57376;0.00143;429;0.0025;109.1;4.9;29.9;6.7;R;3;Onderková K.;TRESCA;2009-04-21;
58;54785.2676;0.002;359;-0.0036;102.6;6;29.3;2;R;5;Scarmato;AXA;2008-11-24;
57;54776.3911;0.0007;355;-0.0058;117;2.4;24.5;0.9;V;3;Mendez;AXA;2008-11-10;
56;54765.30482;0.00068;350;0.0008;103;2.7;25.9;1.2;V;3;L. Brát;TRESCA;2008-10-25;
55;54727.5858;0.0011;333;-0.0025;105.6;3;29.2;1.9;V;5;Roe J;AXA;2008-09-19;
54;54725.3711;0.0004;332;0.0014;101.4;1.2;29.8;0.7;R;2;Naves;AXA;2008-10-01;
53;54725.37064;0.00053;332;0.0009;;;;;;5;Hrudkova  et al 2010;Hrudkova  et al 2010;2010-01-11;
52;54705.40332;0.00019;323;0.0008;;;;;;1;Hrudkova  et al 2010;Hrudkova  et al 2010;2010-01-11;
51;54705.4029;;323;0.0004;109.4;;24.7;;Clear;2;AAAV Astrofili Valdera;TRESCA;2018-12-11;
50;54705.40281;0.00048;323;0.0003;104;2.1;25.4;1;R;2;Corfini G.;TRESCA;2009-12-20;
49;54705.4023;0.0005;323;-0.0002;98.4;1.8;29;0.8;R;2;Poddaný S.;TRESCA;2008-10-01;
48;54705.39987;0.00032;323;-0.0027;102.8;1.3;31.9;0.7;R;1;Sem;TRESCA;2018-12-11;
47;54696.5298;0.0006;319;0.0016;99.6;1.8;29.8;0.9;R;2;Naves;AXA;2008-09-07;
46;54696.52777;0.0009;319;-0.0005;94.1;3.4;29.6;2;R;4;Lomoz F.;TRESCA;2008-10-01;
45;54687.6492;0.0013;315;-0.0047;102;3.5;22.3;1.8;R;5;Rodriguez;AXA;2008-09-07;
44;54685.43897;0.00039;314;0.0036;99.4;1.7;31.6;1;;3;Salvaggio F.;TRESCA;2009-07-14;
43;54685.43684;0.00064;314;0.0015;107.3;2.6;25.9;1;I;3;R. Dreveny;TRESCA;2008-11-03;
42;54685.43677;0.00054;314;0.0014;107.7;2.2;30.4;1;R;2;Svoboda P.;TRESCA;2008-10-01;
41;54685.43597;0.00045;314;0.0006;105.4;2;28.3;1.4;V;2;Brát L.;TRESCA;2008-10-01;
40;54685.43512;0.00043;314;-0.0003;106.7;1.8;24.2;0.6;R;3;Marek P.;TRESCA;2008-10-01;
39;54685.43413;0.00156;314;-0.0012;100.5;6.7;25.1;4.9;Clear;4;Trnka J.;TRESCA;2008-10-01;
38;54676.56188;0.00012;310;0.0008;;;;;;1;Hrudkova et al 2010;Hrudkova et al 2010;2010-01-11;
37;54665.46951;0.00029;305;0.0013;;;;;;0;Hrudkova et al 2010;Hrudkova et al 2010;2010-01-11;
36;54665.46899;0.00047;305;0.0008;108.6;2.1;29.9;0.6;I;1;Marino G.;TRESCA;2013-10-24;
35;54665.4662;0.0011;305;-0.0020;101.4;3;29.4;1.7;R;2;Marino;AXA;2008-09-07;
34;54656.59451;0.00012;301;0.0006;;;;;;1;Hrudkova et al 2010;Hrudkova et al 2010;2010-01-11;
33;54654.3746;0.0007;300;-0.0007;99;1.8;24.7;2.7;R;2;Salvagio;AXA;2008-09-07;
32;54645.5031;0.0004;296;0.0020;103.2;1.2;28.9;0.8;B;2;Poddaný S.;TRESCA;2008-10-01;
31;54645.5025;0.0011;296;0.0014;106.8;3;29.7;2;B;3;Ayiomamitis;AXA;2008-09-07;
30;54636.62768;0.00018;292;0.0009;;;;;;1;Hrudkova et al 2010;Hrudkova et al 2010;2010-01-11;
29;54634.40684;0.00109;291;-0.0014;108.3;4.5;26;1.7;R;3;Marino G.;TRESCA;2013-10-24;
28;54634.40684;0.00109;291;-0.0014;108.3;4.5;26;1.7;R;3;Marino G.;TRESCA;2013-10-30;
27;54634.4066;0.0018;291;-0.0016;105;5.4;28.8;3.2;R;3;Marino;AXA;2008-09-07;
26;54634.406;0.0011;291;-0.0022;100.8;3;29.8;2.7;R;3;Salvagio;AXA;2008-09-07;
25;54625.53404;0.00038;287;0.0001;;;;;;5;Hrudkova et al 2010;Hrudkova et al 2010;2010-01-11;
24;54607.7822;0.0013;279;-0.0031;104.4;3.6;35.9;2;V;3;Roe;AXA;2008-08-26;
23;54410.3322;0.0017;190;-0.0001;102;;29;;R;4;Srdoc;AXA;2008-08-26;
22;54372.6165;0.0025;173;-0.0000;104.4;;27;;Clear;5;Cruz;AXA;2008-08-26;
21;54361.52352;0.00044;168;-0.0002;;;;;;1;Hrudkova et al 2010;Hrudkova et al 2010;2010-01-11;
20;54359.30712;0.00104;167;0.0020;103.9;4.6;30.6;2.6;R;3;Ohlert J.;TRESCA;2009-10-04;
19;54341.558;0.0045;159;0.0015;96;;26;;V;5;Orlando;AXA;2008-08-26;
18;54330.46305;0.00042;154;-0.0006;;;;;;1;Hrudkova et al 2010;Hrudkova et al 2010;2010-01-11;
17;54310.497;0.0035;145;0.0005;101.4;;29;;Clear;3;Naves;AXA;2008-08-26;
16;54212.8777;0.0025;101;-0.0016;102;;16.5;1;V;4;Levin;AXA;2008-08-26;
15;53995.4618;0.0035;3;0.0027;101.4;;30;;R;4;Joao Gregorio;AXA;2008-08-23;
14;53995.4589;0.0006;3;-0.0002;99;1.8;29.7;1;R;3;Hentunen;AXA;2009-01-07;
13;53988.80336;;0;0.0000;;;;;I;1;Winn et al. 2007;;2008-08-23;
12;53988.80331;0.0027;-0;-0.0000;;;;;z;1;Winn et al. 2007;Winn et al. 2007;2008-08-24;
11;53984.36592;0.0013;-2;-0.0003;103.6;1.2;22.8;0.6;z;1;Winn et al. 2007;Winn et al. 2007;2008-10-23;
10;53975.49194;0.00021;-6;0.0000;;;;;;1;Hrudkova et al 2010;Hrudkova et al 2010;2010-01-11;
9;53968.83715;0.0013;-9;0.0009;;;;;z;1;Winn et al. 2007;Winn et al. 2007;2008-08-24;
8;53955.52509;0.00014;-15;0.0003;;;;;;1;Hrudkova et al 2010;Hrudkova et al 2010;2010-01-11;
7;53937.7759;0.00044;-23;-0.0003;;;;;z;1;Winn et al. 2007;Winn et al. 2007;2008-08-24;
6;53935.55805;0.00028;-24;0.0004;;;;;;1;WHT;Hrudkova et al 2010;2010-01-11;
5;53897.84444;0.0014;-41;0.0026;;;;;z;1;Winn et al. 2007;Winn et al. 2007;2008-08-24;
4;53877.87598;0.00094;-50;0.0013;;;;;z;1;Winn et al. 2007;Winn et al. 2007;2008-08-24;
3;53857.90694;0.00086;-59;-0.0006;;;;;z;1;Winn et al. 2007;Winn et al. 2007;2008-08-24;
2;53702.60416;0.0032;-129;-0.0032;;;;;z;1;Winn et al. 2007;Winn et al. 2007;2008-08-24;
1;53629.3942;0.00024;-162;-0.0003;;;;;B;1;Bakos et al. 2006;Bakos et al. 2006;2008-08-23;